MaPhim,MaTheLoai
496243,G004
496243,G017
496243,G007
335983,G015
335983,G001
324786,G007
324786,G010
324786,G018
466272,G004
466272,G007
466272,G017
228150,G018
228150,G007
228150,G001
293167,G001
293167,G002
293167,G009
110415,G001
110415,G015
110415,G007
47971,G001
47971,G002
47971,G005
670,G007
670,G017
670,G013
670,G001
315837,G015
315837,G007
315837,G001
257344,G001
257344,G004
257344,G015
345940,G001
345940,G015
345940,G011
339964,G002
339964,G015
339964,G001
282035,G009
282035,G017
282035,G001
282035,G002
282035,G011
396535,G011
396535,G017
396535,G001
396535,G002
68735,G001
68735,G002
68735,G009
337401,G002
337401,G009
337401,G007
337401,G001
419704,G015
419704,G007
38575,G001
38575,G002
38575,G007
38575,G008
373571,G015
373571,G001
324668,G001
324668,G017
324668,G013
324668,G007
140300,G001
140300,G002
140300,G003
140300,G004
140300,G008
157353,G017
157353,G015
157353,G007
157353,G013
311324,G001
311324,G002
311324,G009
453405,G015
453405,G001
453405,G002
453405,G017
338762,G001
338762,G015
338762,G002
290859,G015
290859,G001
290595,G001
290595,G002
290595,G007
343611,G001
343611,G017
479455,G004
479455,G015
479455,G001
369885,G001
369885,G007
369885,G018
369885,G014
369885,G017
1735,G002
1735,G001
1735,G009
387426,G002
387426,G007
387426,G015
387426,G009
639933,G001
639933,G002
639933,G009
522938,G001
522938,G017
522938,G007
14756,G007
14756,G001
14756,G010
396371,G007
396371,G005
11423,G005
11423,G007
11423,G017
290098,G017
290098,G007
290098,G014
458576,G001
458576,G009
458576,G002
146,G002
146,G007
146,G001
146,G014
516486,G018
516486,G001
516486,G007
1255,G011
1255,G007
1255,G015
2044,G007
2044,G013
2044,G014
9470,G001
9470,G004
9470,G005
9470,G009
379149,G001
379149,G017
68737,G002
68737,G009
365942,G014
365942,G002
365942,G015
365942,G007
49797,G017
49797,G011
325348,G001
325348,G002
325348,G015
581392,G011
581392,G002
581392,G001
581392,G017
257088,G001
257088,G002
257088,G005
257088,G017
37472,G001
37472,G010
37472,G007
615656,G001
615656,G015
615656,G011
79,G007
79,G002
79,G001
79,G010
347375,G001
347375,G017
399402,G001
399402,G017
460668,G004
460668,G014
339967,G007
339967,G009
339967,G015
458594,G001
458594,G017
431580,G008
431580,G003
431580,G002
431580,G004
437557,G004
10027,G001
10027,G005
449924,G001
449924,G007
449924,G010
395458,G017
395458,G005
395458,G007
395458,G013
614696,G011
614696,G001
614696,G002
614696,G017
365222,G001
365222,G007
365222,G010
1729,G001
1729,G002
1729,G009
293670,G011
293670,G013
4550,G007
4550,G017
9550,G002
9550,G007
9550,G001
501907,G007
501907,G010
491584,G013
491584,G007
491584,G017
287948,G001
287948,G017
287948,G005
316152,G001
316152,G007
316152,G010
316152,G018
522518,G008
522518,G002
522518,G007
1985,G007
1985,G013
1985,G017
440471,G001
440471,G017
440471,G013
30018,G005
30018,G007
30018,G013
30018,G017
565310,G004
565310,G007
4689,G001
4689,G007
4689,G017
290751,G017
290751,G013
290751,G007
290751,G005
300681,G015
300681,G017
300681,G007
560050,G003
560050,G002
560050,G008
560050,G009
471506,G013
471506,G017
471506,G011
51608,G001
51608,G017
51608,G005
13855,G005
13855,G017
13855,G001
7549,G007
7549,G001
550205,G003
550205,G008
550205,G004
550205,G009
555974,G011
555974,G013
555974,G017
423899,G007
423899,G010
200085,G001
200085,G002
200085,G015
7979,G007
14202,G014
14202,G007
1280,G007
1280,G014
1280,G005
4552,G007
4552,G011
4552,G013
755812,G003
755812,G016
755812,G009
755812,G001
441130,G003
441130,G008
441130,G002
441130,G009
508763,G007
508763,G002
508763,G008
308504,G001
308504,G002
322240,G009
322240,G004
322240,G008
486589,G003
486589,G014
486589,G008
486589,G004
486589,G009
556694,G007
556694,G002
556694,G009
556694,G014
113,G007
412988,G001
412988,G004
412988,G005
271404,G001
271404,G015
271404,G002
488623,G017
488623,G013
488623,G007
581389,G007
581389,G009
581389,G015
705996,G017
705996,G013
705996,G014
227783,G003
227783,G004
227783,G008
227783,G002
397567,G001
397567,G002
397567,G009
397567,G017
437068,G001
437068,G007
437068,G010
615904,G014
615904,G004
615904,G012
666243,G003
666243,G001
666243,G009
76544,G001
76544,G007
22536,G007
22536,G011
22536,G017
581528,G005
581528,G001
581528,G017
535167,G015
535167,G001
535167,G007
844,G007
844,G015
844,G014
254375,G002
254375,G007
254375,G004
44865,G001
44865,G007
44865,G010
11344,G001
11344,G007
11344,G005
480042,G001
480042,G002
480042,G005
480042,G017
457332,G001
457332,G002
457332,G017
457332,G004
12289,G002
12289,G007
12289,G010
12289,G001
12289,G018
98567,G001
98567,G002
76758,G007
76758,G010
76758,G018
523777,G003
523777,G001
523777,G002
523777,G004
523777,G008
523777,G015
3603,G011
3603,G004
1989,G007
1989,G014
575604,G017
575604,G013
575604,G015
1494,G001
1494,G007
1494,G009
15067,G001
15067,G002
15067,G004
15067,G019
11636,G001
11636,G017
11636,G005
11636,G007
245842,G009
245842,G002
245842,G008
42194,G005
42194,G007
42194,G001
42194,G017
42194,G015
18438,G007
18438,G004
18438,G014
270774,G001
270774,G004
270774,G017
270774,G013
4588,G001
4588,G007
4588,G014
4588,G017
2440,G018
2440,G007
2440,G017
2440,G001
437109,G001
437109,G007
437109,G005
437109,G017
437109,G002
11658,G001
11658,G002
11658,G007
11658,G010
11658,G018
263341,G001
263341,G002
263341,G007
470114,G001
470114,G015
470114,G017
470114,G013
496450,G003
496450,G012
496450,G008
496450,G001
496450,G014
496450,G009
496450,G004
726684,G003
726684,G009
726684,G001
726684,G016
255709,G007
46528,G002
46528,G009
46528,G001
46528,G019
46528,G017
89708,G006
508642,G011
508642,G013
745881,G011
745881,G017
81481,G007
390497,G017
390497,G002
293767,G007
293767,G018
518068,G009
518068,G001
518068,G017
518068,G002
449985,G017
449985,G001
851644,G014
851644,G007
448776,G007
448776,G001
448776,G005
300168,G002
300168,G010
300168,G001
300168,G009
513347,G003
513347,G014
513347,G007
11178,G007
11178,G004
11178,G014
581387,G001
581387,G002
581387,G017
843794,G015
426284,G001
426284,G009
426284,G002
450001,G001
450001,G005
450001,G007
31967,G001
31967,G002
31967,G003
31967,G011
253450,G001
253450,G007
253450,G010
845222,G007
845222,G009
845222,G017
604822,G001
604822,G002
604822,G005
460648,G001
460648,G015
460648,G017
241254,G017
241254,G001
5488,G007
5488,G004
5488,G014
530254,G013
530254,G015
530254,G001
530254,G002
632322,G014
632322,G007
57361,G007
57361,G017
57361,G005
289720,G001
568300,G012
566454,G007
566454,G004
271706,G003
271706,G002
271706,G009
33196,G001
33196,G007
33196,G017
573699,G014
573699,G003
573699,G009
429450,G017
429450,G007
429450,G001
611291,G012
611291,G006
15384,G001
15384,G002
15384,G007
15384,G010
15384,G018
454458,G008
454458,G003
454458,G012
553512,G012
553512,G006
165213,G017
165213,G005
165213,G007
269494,G001
269494,G005
269494,G017
389868,G003
389868,G011
389868,G015
389868,G001
389868,G002
389868,G017
290864,G001
290864,G017
290864,G005
32909,G002
32909,G007
32909,G001
158445,G007
158445,G004
428045,G001
428045,G002
428045,G008
428045,G009
663558,G003
663558,G001
663558,G009
335777,G003
335777,G008
335777,G002
335777,G004
615453,G003
615453,G009
615453,G002
10253,G009
10253,G007
10253,G011
10253,G001
10253,G017
10253,G015
575813,G007
48492,G001
48492,G002
48492,G007
48492,G013
842675,G015
842675,G001
842675,G007
309302,G002
309302,G007
381890,G004
381890,G009
381890,G014
59421,G017
59421,G005
59421,G007
59421,G011
360638,G007
360638,G004
94047,G007
94047,G001
94047,G010
94047,G018
30596,G007
30596,G001
30596,G010
14197,G004
14197,G014
518896,G007
518896,G001
518896,G015
383785,G004
383785,G013
383785,G008
383785,G001
383785,G002
170657,G001
170657,G009
170657,G002
170657,G004
33908,G011
463319,G001
463319,G007
123377,G007
11653,G001
11653,G002
11653,G004
11653,G007
11653,G009
55292,G001
55292,G007
413658,G001
413658,G002
413658,G004
413658,G008
413658,G009
1450,G001
1450,G002
1450,G011
1450,G015
1450,G017
219572,G001
219572,G005
219572,G007
276905,G002
276905,G003
276905,G004
276905,G008
849869,G001
849869,G005
849869,G017
736732,G007
736732,G004
800345,G001
800345,G017
800345,G005
334298,G004
334298,G009
334298,G002
47854,G007
47854,G001
47854,G010
47854,G017
665399,G012
665399,G006
575428,G005
575428,G007
575428,G017
620249,G003
620249,G009
620249,G001
479718,G001
479718,G005
204553,G002
204553,G005
204553,G001
204553,G017
35854,G001
18377,G007
18377,G004
18377,G014
363579,G001
363579,G017
938008,G001
938008,G005
938008,G017
14392,G001
14392,G007
14392,G010
45202,G017
45202,G007
8653,G007
8653,G017
585077,G003
585077,G009
585077,G002
585077,G013
571785,G007
571785,G001
571785,G017
187022,G007
187022,G005
187022,G001
435366,G001
435366,G017
435366,G005
15859,G007
15859,G014
35138,G001
35138,G004
35138,G002
441393,G005
441393,G014
441393,G007
47909,G007
14310,G005
14310,G007
14310,G001
408266,G001
408266,G007
333667,G002
333667,G003
333667,G004
333667,G008
333667,G012
140212,G001
140212,G017
795607,G003
795607,G009
795607,G001
795607,G002
626872,G001
626872,G007
626872,G013
626872,G017
452015,G009
452015,G001
811634,G003
811634,G001
811634,G009
811634,G008
8198,G014
8198,G017
8198,G007
124157,G001
124157,G005
432836,G017
432836,G001
432836,G005
432836,G013
432836,G002
799379,G001
799379,G017
799379,G011
467824,G015
467824,G001
467824,G002
467824,G017
282631,G018
282631,G001
282631,G007
282631,G010
86000,G014
86000,G007
366672,G003
366672,G001
366672,G002
366672,G004
366672,G008
366672,G019
217923,G001
217923,G005
217923,G009
217923,G002
154030,G001
154030,G007
366668,G008
366668,G003
366668,G004
366668,G002
70057,G007
70057,G001
70057,G017
740441,G017
740441,G013
51533,G001
51533,G004
396194,G006
396194,G012
110410,G001
110410,G007
110410,G005
128246,G014
128246,G009
604872,G001
604872,G002
351694,G009
351694,G003
351694,G004
338729,G009
338729,G014
460555,G001
460555,G017
460555,G018
460555,G007
452557,G018
452557,G001
452557,G007
16411,G001
16411,G005
16411,G007
611698,G009
611698,G001
611698,G002
611698,G007
436391,G001
436391,G010
436391,G007
436391,G018
760517,G014
760517,G004
25649,G007
25649,G017
25649,G014
255756,G005
255756,G007
255756,G013
255756,G017
415214,G001
415214,G002
415214,G005
415214,G018
567646,G001
567646,G004
567646,G005
79224,G007
79224,G001
79224,G010
570503,G014
570503,G007
467012,G007
467012,G011
467012,G013
19595,G003
19595,G008
75948,G001
75948,G009
554908,G014
554908,G007
571627,G001
571627,G011
571627,G002
571627,G017
952701,G007
44092,G001
44092,G002
21531,G004
21531,G005
21531,G007
571648,G013
571648,G017
571648,G005
571648,G007
606523,G005
606523,G017
606523,G001
508935,G018
508935,G010
508935,G007
508935,G001
41245,G007
486898,G007
486898,G013
331576,G001
331576,G005
331576,G017
26955,G007
26955,G014
214910,G001
214910,G017
214910,G005
214910,G002
345934,G018
345934,G001
345934,G002
345934,G007
215743,G007
209764,G001
209764,G017
209764,G005
989937,G003
989937,G009
989937,G002
989937,G001
291549,G002
291549,G001
291549,G017
299824,G001
299824,G002
299824,G009
611395,G001
611395,G002
611395,G009
8938,G004
8938,G007
8938,G009
740658,G014
740658,G009
740658,G004
572164,G001
572164,G004
628704,G017
21345,G007
21345,G010
21345,G018
314388,G014
314388,G007
363093,G001
363093,G010
363093,G017
363093,G009
25648,G014
25648,G007
25648,G013
518764,G007
518764,G001
518764,G002
518764,G017
335462,G001
335462,G018
666277,G007
666277,G014
119892,G001
119892,G002
119892,G008
119892,G009
550738,G003
550738,G004
550738,G001
550738,G002
550738,G008
435601,G005
435601,G017
435601,G001
17108,G001
17108,G002
17108,G004
615173,G001
615173,G013
615173,G017
615173,G015
615173,G002
408355,G009
408355,G003
408355,G008
409582,G001
409582,G002
409582,G011
92499,G011
92499,G014
92499,G004
619803,G001
619803,G005
619803,G017
586047,G015
586047,G001
586047,G017
586047,G013
37034,G001
37034,G009
492008,G001
492008,G007
492008,G010
1279,G007
81870,G002
81870,G001
407887,G010
407887,G007
407887,G018
407887,G001
453127,G001
453127,G004
453127,G002
453127,G005
2015,G007
285213,G001
285213,G002
285213,G004
285213,G010
285213,G009
499028,G014
499028,G007
499028,G009
265851,G001
265851,G017
265851,G007
160704,G001
160704,G017
160704,G005
552269,G007
552269,G002
105001,G002
105001,G001
105001,G015
105001,G004
105001,G009
511819,G007
511819,G015
511819,G013
730647,G012
730647,G006
436994,G015
436994,G017
15860,G001
15860,G017
412094,G007
464593,G006
464593,G008
259943,G007
259943,G014
34179,G007
34179,G001
34179,G017
842033,G011
638134,G003
638134,G008
638134,G002
638134,G004
499556,G007
79553,G007
79553,G001
79553,G018
513692,G001
513692,G005
513692,G017
23538,G005
23538,G007
23538,G001
346646,G001
346646,G004
346646,G005
832502,G003
832502,G009
832502,G002
832502,G008
832502,G004
862855,G001
862855,G002
862855,G007
199584,G001
199584,G007
199584,G004
199584,G002
757860,G001
757860,G007
757860,G009
757860,G013
757860,G015
506763,G013
506763,G009
506763,G002
506763,G001
581531,G011
581531,G017
14968,G004
14968,G007
14968,G018
315064,G004
315064,G003
315064,G002
537190,G001
537190,G011
537190,G007
537190,G009
635389,G003
635389,G001
635389,G009
635389,G002
1963,G007
294992,G017
294992,G018
294992,G002
718867,G003
718867,G008
572468,G011
572468,G017
572468,G013
430826,G006
430826,G005
581526,G005
581526,G001
581526,G007
601796,G015
601796,G001
601796,G009
601796,G002
51200,G018
523593,G001
523593,G011
523593,G007
523593,G009
567973,G001
567973,G007
567973,G017
493899,G007
53807,G001
53807,G007
242452,G010
242452,G007
195276,G017
195276,G007
517991,G007
517991,G010
517991,G017
44560,G007
342657,G011
342657,G017
342657,G013
606402,G001
606402,G002
606402,G005
606402,G017
134126,G007
134126,G001
10703,G001
10703,G007
21115,G001
21115,G007
452551,G001
452551,G007
452551,G005
452551,G002
532444,G014
11297,G004
11297,G015
11297,G007
25597,G009
25597,G007
25597,G011
38407,G007
38407,G017
38407,G013
38407,G005
50475,G005
50475,G017
50475,G013
33251,G007
33251,G008
571625,G011
571625,G017
294993,G007
294993,G001
364324,G002
364324,G001
364324,G017
452558,G005
452558,G001
452558,G007
591120,G001
591120,G002
591120,G004
931102,G001
931102,G004
931102,G002
931102,G007
242454,G001
242454,G017
441531,G001
441531,G005
435841,G001
435841,G017
89501,G005
89501,G017
355277,G006
504056,G001
504056,G007
504056,G004
375107,G003
375107,G008
375107,G002
375107,G004
16138,G001
16138,G010
16138,G011
1022102,G012
664236,G003
664236,G004
664236,G008
664236,G002
42190,G007
42190,G014
438857,G007
438857,G004
662237,G007
662237,G014
662237,G004
32272,G011
32272,G017
556509,G013
556509,G017
535389,G018
535389,G010
535389,G001
500168,G004
500168,G014
500168,G010
452910,G009
452910,G001
452910,G002
714187,G012
714187,G006
272691,G017
272691,G007
487786,G005
487786,G013
487786,G017
298721,G007
298721,G009
25838,G007
25838,G018
13405,G007
13405,G018
773867,G001
773867,G005
773867,G004
773867,G002
627087,G007
248376,G001
248376,G005
566368,G006
76349,G002
76349,G007
76349,G001
76349,G010
76349,G018
291692,G014
291692,G001
291692,G007
12650,G009
12650,G007
12650,G014
47261,G017
47261,G007
47261,G014
654739,G001
654739,G005
654739,G007
654739,G017
357940,G005
357940,G001
357940,G007
366644,G003
366644,G008
366644,G009
77117,G007
77117,G004
133200,G007
133200,G010
821661,G004
821661,G014
821661,G016
532753,G007
532753,G004
286654,G017
459073,G013
459073,G017
459073,G007
629028,G004
629028,G001
629028,G017
606403,G001
606403,G005
354275,G007
354275,G014
354275,G004
14258,G003
14258,G015
266058,G007
430474,G003
430474,G008
430474,G002
256561,G006
658009,G001
658009,G007
528210,G007
528210,G014
528210,G010
528210,G018
549484,G008
549484,G003
549484,G002
549484,G009
324325,G008
324325,G006
448491,G007
437108,G011
437108,G017
557968,G001
17808,G009
17808,G001
17808,G007
2346,G007
607844,G018
607844,G001
607844,G017
607844,G007
437103,G007
437103,G010
437103,G017
10103,G004
10103,G014
10103,G007
202220,G004
202220,G001
202220,G005
559974,G001
559974,G005
870096,G015
870096,G011
870096,G001
19486,G001
19486,G004
19486,G015
19486,G014
19486,G002
17903,G007
727340,G001
727340,G013
727340,G017
497370,G005
497370,G002
497370,G001
369552,G003
369552,G009
369552,G007
369552,G015
508747,G007
508747,G014
20605,G001
20605,G017
20605,G005
50542,G007
50542,G014
372782,G001
372782,G017
372782,G005
382217,G014
382217,G009
382217,G007
434773,G007
124294,G001
124294,G007
124294,G014
569016,G001
569016,G002
569016,G017
377447,G001
377447,G002
377447,G004
377447,G008
377447,G018
542836,G005
542836,G001
542836,G017
758891,G007
758891,G004
758891,G009
525660,G001
525660,G002
525660,G009
79374,G017
560527,G009
560527,G004
560527,G001
560527,G002
222216,G007
222216,G001
222216,G005
1436,G010
1436,G007
1436,G001
1436,G018
497984,G002
497984,G004
497984,G009
563103,G017
563103,G005
563103,G013
257932,G009
257932,G003
437081,G018
437081,G007
437081,G010
437081,G001
14044,G001
14044,G010
559957,G015
559957,G018
939984,G012
589712,G007
589712,G017
13970,G009
13970,G001
13970,G004
13970,G017
5937,G007
5937,G010
5937,G018
40171,G002
40171,G001
40171,G004
40171,G009
14538,G001
14538,G010
14538,G007
107235,G004
107235,G014
267467,G017
267467,G001
513386,G003
513386,G008
512901,G001
512901,G009
724885,G017
724885,G013
724885,G011
421928,G001
421928,G004
421928,G005
945675,G007
406429,G001
406429,G009
955555,G005
955555,G001
990140,G001
990140,G007
554972,G005
554972,G001
554972,G017
451997,G001
451997,G005
451997,G013
29363,G001
29363,G007
38057,G007
38057,G008
38057,G009
235704,G007
235704,G001
235704,G017
293413,G005
293413,G001
33870,G007
33870,G014
281780,G001
281780,G007
18419,G004
623135,G004
623135,G007
623135,G001
623135,G002
50090,G017
50090,G001
50090,G007
11599,G007
11599,G014
604360,G013
604360,G017
604360,G011
812204,G003
812204,G004
812204,G012
812204,G008
561974,G003
561974,G002
31850,G005
31850,G007
121823,G001
121823,G007
1064835,G001
1064835,G002
1064835,G009
1064835,G003
19644,G001
19644,G007
362178,G007
362178,G013
942922,G004
426166,G007
426166,G004
16632,G004
16632,G014
566397,G007
566397,G017
244114,G007
244114,G001
244114,G017
2008,G009
2008,G007
2008,G001
2008,G017
2008,G014
32242,G013
32242,G011
32242,G017
503917,G001
503917,G004
503917,G005
252067,G014
252067,G007
252067,G004
574303,G001
574303,G005
574303,G007
574303,G017
14539,G001
14539,G002
14539,G010
118624,G015
118624,G009
118624,G007
928720,G007
928720,G014
103753,G007
557972,G001
253065,G007
253065,G004
253065,G012
373200,G004
373200,G013
373200,G001
45380,G001
45380,G004
1066298,G013
1066298,G004
1066298,G017
1066298,G010
196325,G007
367206,G001
151743,G004
151743,G002
151743,G007
62977,G010
62977,G007
62977,G001
62977,G018
229304,G007
18704,G007
18704,G014
378348,G005
378348,G004
34182,G007
34182,G010
27428,G013
27428,G011
27428,G017
473920,G001
473920,G004
473920,G002
473920,G005
473920,G017
434119,G001
434119,G007
14573,G015
14573,G001
14573,G007
14573,G017
585831,G001
585831,G005
313108,G007
313108,G018
603768,G002
603768,G007
603768,G009
362682,G014
362682,G004
449927,G001
449927,G005
449927,G010
331251,G004
331251,G007
523873,G001
523873,G004
14449,G009
14449,G007
14449,G001
14449,G010
603772,G007
603772,G008
191421,G014
191421,G007
89623,G003
89623,G008
89623,G002
89623,G007
16318,G004
16318,G007
16318,G014
45035,G007
45035,G010
45035,G017
518963,G005
518963,G001
518963,G017
435800,G002
435800,G009
435800,G001
19508,G003
19508,G004
19508,G008
337302,G009
337302,G003
337302,G001
32237,G011
284063,G004
284063,G017
284063,G011
284063,G014
121491,G017
121491,G007
336744,G007
336744,G017
377213,G013
377213,G017
377213,G007
72066,G005
72066,G017
72066,G007
856289,G001
856289,G009
856289,G018
559937,G001
559937,G005
559937,G007
62439,G004
62439,G007
14797,G007
14797,G001
14797,G002
188183,G004
188183,G014
25647,G005
25647,G007
19611,G017
19611,G001
416249,G001
416249,G017
416249,G005
61062,G005
61062,G017
348689,G007
348689,G010
348689,G001
24889,G007
24889,G017
32582,G007
32582,G017
382220,G005
382220,G001
505513,G004
505513,G013
362154,G017
362154,G005
362154,G001
362154,G007
345235,G001
345235,G004
257648,G009
863291,G012
214209,G017
214209,G013
26040,G011
26040,G013
220176,G007
220176,G010
181009,G001
181009,G002
181009,G010
18374,G001
18374,G002
18374,G004
18374,G014
381902,G001
381902,G002
381902,G009
591222,G017
591222,G005
591222,G001
531384,G001
531384,G005
531384,G013
531384,G017
438798,G005
438798,G001
44656,G014
44656,G007
44656,G004
589594,G011
589594,G015
589594,G017
589594,G001
408620,G001
408620,G005
408620,G017
457251,G007
457251,G010
538331,G004
360551,G013
360551,G011
360551,G017
267573,G001
267573,G007
18426,G007
18426,G014
18426,G001
49087,G007
49087,G017
49087,G005
49087,G013
547404,G007
213015,G007
213015,G001
315439,G007
315439,G010
483297,G007
483297,G014
576393,G014
576393,G004
18384,G004
18384,G007
18384,G012
149085,G001
149085,G002
281298,G001
281298,G002
281298,G005
586048,G007
204260,G011
204260,G017
461714,G001
461714,G017
457832,G001
457832,G015
55758,G017
55758,G005
55758,G001
171587,G014
171587,G007
171587,G004
58882,G007
58882,G010
116227,G013
116227,G017
529569,G017
529569,G005
457837,G014
457837,G001
457837,G007
457837,G010
783753,G014
783753,G012
783753,G007
122126,G007
64792,G011
64792,G013
64792,G017
488621,G017
488621,G005
488621,G007
488621,G013
478187,G005
478187,G001
478187,G002
478187,G017
212769,G012
75931,G011
75931,G013
434221,G007
434221,G009
434221,G013
14808,G007
14808,G001
14808,G018
14808,G002
19528,G001
19635,G001
19635,G007
19635,G005
567629,G007
567629,G010
567629,G018
120143,G001
120143,G005
120143,G009
844069,G011
844069,G017
575089,G007
575089,G010
32170,G011
32170,G013
377823,G001
377823,G007
377823,G004
965143,G006
297721,G001
297721,G005
297721,G017
118451,G007
118451,G014
40211,G007
40211,G014
290865,G005
290865,G007
133601,G017
133601,G013
538235,G014
538235,G009
538235,G007
538235,G008
662401,G007
490214,G001
490214,G004
490214,G010
23834,G001
23834,G004
17593,G001
17593,G005
38015,G005
38015,G004
591322,G007
602302,G013
602302,G017
124471,G007
124471,G009
399300,G001
273197,G017
273197,G007
273197,G013
451957,G007
451957,G014
17422,G007
17422,G014
14226,G007
14226,G008
1416,G007
1416,G018
805058,G007
373922,G017
373922,G005
373922,G001
238811,G007
238811,G005
238811,G017
413198,G002
413198,G001
779029,G007
779029,G018
18232,G007
18232,G004
18232,G014
18060,G001
18060,G017
18060,G005
606740,G007
606740,G005
74860,G011
74860,G012
74860,G013
839976,G012
400114,G004
400114,G007
300433,G017
300433,G001
300433,G005
602291,G013
602291,G017
605375,G007
605375,G001
21781,G017
21781,G011
544627,G005
544627,G007
652783,G005
652783,G007
27316,G005
27316,G011
27316,G013
639557,G017
639557,G005
639557,G010
639557,G007
773569,G013
773569,G015
773569,G017
509467,G017
310001,G007
310001,G004
49214,G014
49214,G007
49214,G001
52663,G004
52663,G007
573668,G002
573668,G011
593680,G012
593680,G007
77175,G001
77175,G005
77175,G017
77175,G004
434724,G005
434724,G001
25650,G007
108972,G013
108972,G017
535170,G004
535170,G007
535170,G013
104176,G017
104176,G007
554779,G007
554779,G018
758902,G001
758902,G002
758902,G007
758902,G009
758902,G014
18840,G007
18840,G010
18840,G008
18840,G014
52414,G011
33106,G001
33106,G002
33106,G004
272875,G007
136793,G003
136793,G002
136793,G004
136793,G008
531368,G001
531368,G005
531368,G017
51306,G004
85525,G007
12659,G007
38963,G004
38963,G001
38963,G005
91088,G003
91088,G017
91088,G007
544812,G007
575754,G005
575754,G001
575754,G017
575754,G013
44555,G004
44555,G007
44555,G017
843388,G012
843388,G006
54328,G007
17082,G001
17082,G017
40452,G007
40452,G001
541340,G007
541340,G015
541340,G005
338803,G007
338803,G010
23132,G017
23132,G001
23132,G007
636173,G004
636173,G007
74639,G001
74639,G007
74639,G017
74639,G005
315669,G001
315669,G007
315669,G005
835786,G017
455043,G001
455043,G010
570508,G007
37284,G011
80427,G007
226672,G001
226672,G002
226672,G009
41292,G007
344556,G005
344556,G007
344556,G013
129850,G001
129850,G013
471335,G014
471335,G007
471335,G017
32173,G011
473328,G007
473328,G017
602666,G001
602666,G004
602666,G013
32161,G011
32161,G013
45098,G007
45098,G014
21792,G017
21792,G011
8652,G007
8652,G013
8652,G009
8652,G014
54330,G004
54330,G008
336055,G017
336055,G005
54117,G011
54117,G013
554205,G004
554205,G017
554205,G005
822138,G006
83754,G004
83754,G014
68252,G002
68252,G017
68252,G015
68252,G001
45682,G001
45682,G004
45682,G008
138665,G017
138665,G013
543583,G003
543583,G002
543583,G008
543583,G009
348595,G001
348595,G004
348595,G007
16074,G001
16074,G007
875104,G001
875104,G002
875104,G010
875104,G007
483539,G007
483539,G013
75821,G011
75821,G015
75821,G001
581530,G007
581530,G001
581530,G004
267466,G017
267466,G014
866408,G007
866408,G015
767585,G011
767585,G017
284278,G007
18422,G004
18422,G007
18422,G014
507773,G007
507773,G017
572151,G004
572151,G011
572151,G007
140380,G007
140380,G017
16321,G009
16321,G001
292362,G007
14763,G001
14763,G002
390845,G014
269955,G007
2111,G007
432507,G007
575219,G004
575219,G001
575219,G002
385261,G014
385261,G007
385261,G010
34899,G007
34899,G014
45438,G017
45438,G001
45438,G004
21707,G001
21707,G004
322487,G002
322487,G003
322487,G004
322487,G008
322487,G015
408360,G001
408360,G007
408360,G010
48508,G007
340746,G017
340746,G005
146724,G007
146724,G014
146724,G004
551653,G006
928123,G018
928123,G010
928123,G001
928123,G007
33171,G001
33171,G005
33171,G017
33171,G004
209049,G007
209049,G014
209049,G004
53514,G014
53514,G004
56790,G011
139329,G018
139329,G007
91073,G007
91073,G014
361613,G004
103750,G007
376494,G007
376494,G014
284298,G004
284298,G014
568320,G005
568320,G001
574037,G004
574037,G015
571786,G001
571786,G004
571786,G013
81460,G001
81460,G007
81460,G014
633374,G017
633374,G001
633374,G007
535550,G007
345888,G011
345888,G013
345888,G017
35010,G004
35010,G007
312408,G002
312408,G004
312408,G014
312408,G007
312408,G001
83721,G007
83721,G013
136701,G007
136701,G010
503235,G001
503235,G005
503235,G007
45576,G006
45576,G007
578906,G007
578906,G014
578906,G009
61952,G007
61952,G005
28796,G001
28796,G005
28796,G007
28796,G004
667717,G003
667717,G002
667717,G009
667717,G015
387886,G007
470524,G007
470524,G004
575718,G004
575718,G007
491305,G004
491305,G007
468208,G007
18302,G007
18302,G010
43987,G004
43987,G001
43987,G005
43987,G017
43987,G002
58959,G007
58959,G001
58959,G017
269711,G003
269711,G004
269711,G015
85550,G007
801803,G015
801803,G004
801803,G007
384127,G007
384127,G014
859041,G001
23609,G001
23609,G004
23609,G007
81242,G007
81242,G017
16404,G007
16404,G001
16404,G009
50476,G007
668047,G012
668047,G014
668047,G015
32158,G009
32158,G014
16882,G011
16882,G013
417419,G014
417419,G007
435809,G013
435809,G017
394170,G001
394170,G007
18385,G007
26138,G001
299738,G001
299738,G005
299738,G009
612845,G007
612845,G010
460557,G002
460557,G001
460557,G009
284135,G007
287649,G017
287649,G007
287649,G014
8900,G007
58700,G003
58700,G008
58700,G009
30843,G004
30843,G007
30843,G014
478826,G001
261041,G006
606906,G001
606906,G017
606906,G018
193717,G013
806690,G007
806690,G002
806690,G010
132601,G003
132601,G008
264273,G017
264273,G001
264273,G005
264273,G007
259129,G017
259129,G007
388764,G001
388764,G002
388764,G004
388764,G007
388403,G007
752803,G004
752803,G005
25626,G007
25626,G010
414105,G013
414105,G003
414105,G004
414105,G008
923344,G007
923344,G017
24822,G005
24822,G017
437633,G001
437633,G005
437633,G017
269340,G001
269340,G010
578209,G014
578209,G007
571787,G004
571787,G007
55741,G010
55741,G007
55741,G001
55741,G017
18816,G001
18816,G005
42507,G011
42507,G017
42507,G013
602508,G011
602508,G013
604362,G001
604362,G004
479306,G004
479306,G009
51885,G009
51885,G007
51520,G007
51520,G005
252168,G004
252168,G001
554137,G007
554137,G010
107976,G011
107976,G017
467199,G007
467199,G014
21797,G011
21797,G013
22520,G001
22520,G003
22520,G015
22520,G004
22520,G002
64882,G004
64882,G014
385962,G007
385962,G014
385962,G017
385962,G009
11492,G007
11492,G005
29972,G007
29972,G006
417199,G007
417199,G013
417199,G017
602295,G001
602295,G013
602295,G017
602295,G009
589174,G004
589174,G007
52444,G014
52444,G004
53267,G007
52413,G011
52413,G007
52413,G013
411268,G001
411268,G005
411268,G007
16447,G007
16447,G014
254672,G009
254672,G001
254672,G011
409137,G011
79842,G003
79842,G004
79842,G008
79842,G002
390433,G017
390433,G007
18371,G004
18371,G014
262137,G005
262137,G017
262137,G001
262137,G013
365719,G005
365719,G013
401133,G017
401133,G007
207052,G007
207052,G004
207052,G001
41091,G007
41091,G014
420644,G007
420644,G001
420644,G002
420644,G017
589157,G007
589157,G001
589157,G005
40580,G004
40580,G007
412190,G007
412190,G004
412190,G014
596881,G007
437220,G003
437220,G005
81344,G007
81344,G001
113388,G007
79824,G007
79824,G014
79824,G004
524779,G007
524779,G004
410678,G007
410678,G004
519185,G007
41441,G002
41441,G007
41441,G001
41441,G010
41441,G014
32152,G011
32152,G017
251749,G001
251749,G009
44458,G007
44458,G012
44458,G014
405755,G004
405755,G007
405755,G014
70530,G009
70530,G001
70530,G002
70530,G013
32151,G017
32151,G001
32151,G005
45861,G007
45861,G004
708352,G008
708352,G003
708352,G009
74092,G007
602301,G014
602301,G007
59500,G009
59500,G001
452413,G004
452413,G014
1108211,G013
1108211,G005
1108211,G007
1108211,G017
499255,G007
60098,G004
60098,G007
60098,G014
160075,G007
343843,G018
343843,G010
116488,G004
116488,G014
15791,G001
500699,G001
500699,G017
49190,G011
49190,G017
49190,G013
91078,G007
136405,G003
136405,G002
136405,G008
571446,G001
571446,G009
571446,G002
592303,G006
30112,G014
30112,G007
352202,G006
86261,G004
86261,G007
59423,G007
38054,G005
38054,G007
38054,G013
421742,G004
421742,G007
18372,G004
18372,G014
280019,G001
280019,G005
280019,G017
72245,G007
26728,G004
26728,G003
26728,G008
569529,G003
569529,G007
494632,G006
494632,G002
466980,G003
466980,G002
466980,G001
466980,G007
672955,G014
672955,G009
284300,G010
284300,G007
167449,G001
167449,G010
167449,G002
167449,G007
346684,G007
346684,G010
346684,G018
56540,G004
56540,G014
41401,G011
41401,G017
41401,G013
41338,G004
41338,G007
41338,G010
41338,G017
77633,G004
422576,G007
422576,G009
80243,G004
80243,G007
628802,G007
840526,G011
840526,G004
49283,G001
49283,G005
839803,G003
839803,G004
839803,G001
944934,G002
944934,G009
653734,G006
543753,G007
301274,G004
301274,G012
301274,G009
359460,G004
359460,G005
359460,G017
833593,G008
833593,G007
242458,G007
477306,G007
477306,G004
477306,G012
477306,G014
376252,G014
376252,G004
18514,G007
53656,G001
53656,G002
221112,G014
42324,G001
42324,G004
42324,G007
59450,G011
59450,G004
59450,G017
59450,G001
59450,G002
273645,G011
273645,G017
30942,G001
20969,G014
20969,G004
437543,G001
437543,G002
437543,G009
548352,G007
548352,G004
40122,G001
40122,G005
603770,G007
603770,G004
438081,G004
438081,G007
10265,G007
10265,G001
10265,G004
10265,G017
797787,G014
797787,G007
13512,G001
13512,G002
13512,G007
31714,G013
31714,G005
31714,G017
133603,G007
133603,G001
133603,G004
133603,G017
458257,G017
458257,G005
458257,G001
354128,G004
354128,G014
85878,G007
613658,G007
613658,G017
613658,G001
437078,G005
437078,G017
437078,G007
902478,G004
902478,G014
36113,G007
36113,G004
156643,G007
156643,G010
449306,G015
449306,G017
449306,G013
449306,G007
81760,G007
81760,G009
81760,G014
81760,G015
384748,G007
205218,G007
205218,G008
256103,G007
367882,G017
367882,G001
367882,G013
244339,G001
244339,G007
601493,G002
601493,G001
601493,G007
601493,G010
299117,G007
299117,G005
32168,G001
32168,G017
55771,G007
55771,G001
55771,G004
591789,G017
211579,G014
211579,G007
211711,G007
211711,G004
211711,G014
92038,G014
92038,G004
194872,G001
194872,G002
194872,G004
194872,G017
435506,G003
435506,G002
435506,G008
435506,G007
45089,G017
45089,G013
277519,G005
277519,G017
37288,G007
27062,G007
27062,G014
344476,G005
344476,G007
729246,G009
729246,G001
494900,G014
494900,G004
229878,G017
229878,G007
64931,G013
64931,G001
64931,G010
64931,G002
64931,G004
64931,G005
403582,G014
403582,G004
416306,G017
416306,G013
757977,G009
382572,G007
382572,G013
382572,G005
21795,G011
21795,G017
21795,G005
75006,G001
75006,G017
132957,G011
132957,G005
132957,G013
75677,G005
75677,G007
75677,G014
613200,G003
613200,G001
613200,G002
613200,G009
54690,G014
54690,G007
36928,G007
36928,G017
36928,G013
254263,G008
254263,G003
254263,G009
644714,G001
644714,G005
644714,G007
313628,G004
313628,G014
571632,G007
180651,G001
180651,G007
45075,G001
45075,G002
45075,G007
257331,G007
51245,G007
51245,G013
299822,G001
299822,G009
299822,G014
373944,G011
373944,G009
373944,G014
24037,G017
24037,G007
24037,G001
24037,G005
50341,G001
50341,G002
50341,G010
103875,G005
103875,G007
333167,G014
333167,G007
333167,G010
442845,G005
442845,G001
442845,G007
442845,G013
29448,G011
29448,G017
121602,G007
121602,G014
544814,G007
544814,G017
544814,G005
588108,G001
588108,G010
588108,G007
588108,G018
63963,G007
63963,G014
45407,G004
45407,G001
45407,G014
45407,G002
42384,G004
42384,G009
42384,G007
54555,G004
54555,G001
54555,G002
54555,G005
54555,G014
618243,G007
32238,G001
32238,G017
120713,G001
270759,G007
270759,G005
230726,G007
230726,G014
950071,G005
950071,G017
54332,G007
54332,G014
458186,G003
458186,G002
458186,G008
256106,G007
79392,G007
437073,G007
437073,G017
54986,G007
54986,G014
264264,G007
58069,G007
58069,G010
195300,G004
195300,G001
32159,G001
32159,G005
32159,G017
21647,G014
21647,G004
86282,G006
602296,G005
602296,G017
56578,G001
56578,G017
435821,G007
435821,G005
79064,G007
70131,G005
70131,G007
70131,G001
62569,G007
62569,G014
69310,G007
69310,G001
69310,G010
69310,G018
579188,G014
579188,G004
270842,G014
270842,G007
238741,G003
82469,G004
82469,G001
895435,G013
895435,G004
895435,G007
196385,G001
196385,G014
512731,G007
512731,G001
512731,G017
82477,G001
82477,G017
33794,G011
192767,G007
707524,G012
707524,G006
706712,G003
706712,G007
706712,G011
463197,G007
463197,G009
463197,G014
36615,G004
36615,G007
819500,G006
297558,G004
297558,G014
417758,G007
417758,G014
56485,G017
56485,G013
56485,G005
56485,G014
748685,G018
748685,G010
748685,G001
320150,G004
320150,G001
320150,G017
730823,G007
48192,G011
48192,G013
55765,G001
55765,G002
55765,G005
55765,G007
211247,G003
211247,G007
50210,G007
50210,G005
50210,G017
50210,G001
32091,G001
32091,G009
284152,G007
284152,G005
83277,G001
83277,G004
83277,G005
83277,G007
83277,G013
83277,G017
459267,G007
287647,G007
599335,G004
599335,G001
363790,G017
363790,G001
23676,G006
23676,G007
51393,G013
51393,G014
51393,G017
595399,G006
454161,G005
454161,G007
454161,G013
454161,G017
386172,G017
386172,G011
386172,G015
388757,G001
388757,G005
388757,G013
139588,G007
495996,G011
447954,G014
447954,G004
928713,G007
448166,G001
448166,G004
988667,G001
988667,G007
77449,G011
77449,G007
452400,G007
452400,G010
62436,G011
723085,G012
723085,G006
724106,G007
724106,G014
776518,G006
95453,G007
258313,G007
258313,G014
820517,G007
615960,G003
615960,G008
25651,G017
25651,G011
236242,G017
236242,G007
38011,G017
38011,G005
38011,G007
38011,G013
554447,G007
554447,G014
1022145,G007
1022145,G018
32160,G001
32160,G002
32160,G005
32160,G017
256316,G017
256316,G005
256316,G013
241639,G007
375599,G001
375599,G004
38053,G010
38053,G007
38053,G004
57482,G004
57482,G005
445224,G001
445224,G005
445224,G017
546110,G001
546110,G002
546110,G004
32213,G001
32213,G005
26781,G017
26781,G004
26781,G005
26781,G007
24986,G004
24986,G007
24986,G014
90283,G007
105280,G003
105280,G007
105280,G009
26557,G006
851977,G002
851977,G015
851977,G004
286687,G014
286687,G007
286687,G004
435603,G007
187548,G007
243919,G004
243919,G007
506492,G001
506492,G005
506492,G017
25695,G007
1013665,G017
1013665,G001
1013665,G007
1013665,G011
63064,G007
63064,G014
415634,G005
415634,G013
415634,G004
415634,G007
49556,G007
27516,G017
27516,G013
736820,G001
736820,G004
369443,G017
369443,G005
630211,G007
630211,G004
36681,G017
36681,G005
30043,G014
30043,G007
38562,G007
38562,G003
13311,G007
13311,G005
13311,G017
13407,G007
13407,G014
104858,G006
335640,G005
335640,G007
335640,G017
206260,G004
206260,G001
206260,G007
39021,G001
39021,G004
295273,G001
295273,G007
295273,G014
321191,G014
321191,G007
321191,G010
284593,G008
57859,G007
751820,G001
751820,G005
751820,G007
535736,G011
535736,G017
356201,G004
356201,G007
245597,G004
245597,G014
741689,G007
33199,G007
33199,G014
438070,G011
438070,G013
438070,G017
95919,G007
95919,G014
923192,G001
923192,G004
395181,G014
455925,G003
455925,G004
32163,G001
32163,G005
636360,G007
133985,G011
133985,G017
336053,G007
336053,G005
221518,G001
221518,G004
2694,G007
2694,G014
334973,G007
334973,G014
1093485,G001
1093485,G007
1093485,G005
116323,G007
116323,G005
62976,G004
62976,G014
62976,G007
180252,G004
180252,G007
180252,G014
522921,G004
522921,G014
522921,G007
522921,G013
522921,G009
801271,G011
801271,G017
307124,G007
307124,G004
307124,G014
307124,G009
389113,G007
385722,G008
385722,G003
117646,G007
117646,G014
747984,G001
747984,G004
549590,G017
549590,G013
549590,G005
18526,G004
18526,G014
584586,G011
299828,G004
299828,G014
146371,G001
146371,G007
622627,G003
622627,G008
83013,G007
83013,G014
608845,G001
608845,G004
608845,G007
60192,G007
60192,G014
296777,G001
597295,G014
597295,G004
33338,G001
33338,G004
49095,G001
49095,G005
543762,G007
574067,G007
381375,G007
115738,G005
115738,G007
115738,G011
115738,G017
413416,G014
413416,G011
55208,G001
55208,G017
55208,G014
393070,G013
393070,G017
45083,G017
45083,G007
442014,G005
47336,G017
47336,G007
47336,G001
821153,G004
129070,G007
129070,G013
50010,G004
50010,G007
50010,G014
466438,G014
466438,G002
466438,G009
466438,G004
376847,G014
376847,G007
376847,G013
21708,G001
21708,G004
35721,G011
35721,G017
35721,G001
78195,G011
78195,G005
78195,G013
78195,G017
438623,G007
438623,G004
287888,G014
287888,G007
287888,G010
137400,G004
137400,G001
422390,G004
422390,G014
422390,G009
422390,G007
238010,G007
238010,G001
238010,G005
44714,G007
44714,G018
45404,G014
45404,G004
453992,G010
482590,G007
227793,G007
159230,G001
159230,G004
38052,G006
806128,G017
806128,G013
622024,G007
622024,G014
584242,G007
108513,G017
52445,G001
52445,G007
52445,G017
133786,G006
133786,G002
133786,G007
86262,G007
86262,G004
86001,G007
86001,G014
863837,G017
863837,G013
522811,G004
522811,G005
558432,G007
25937,G007
25937,G014
428639,G005
428639,G001
537875,G007
314327,G007
314327,G010
56781,G011
56781,G013
42018,G007
435880,G018
435880,G002
435880,G001
844075,G003
844075,G002
844075,G009
610445,G003
610445,G008
610445,G002
610445,G009
254781,G004
120460,G007
120460,G001
855483,G007
855483,G013
855483,G010
855483,G001
497768,G001
61716,G011
617882,G007
617882,G014
238416,G014
238416,G012
238416,G010
636294,G007
636294,G009
636294,G014
133964,G007
133964,G013
133248,G003
133248,G007
133248,G017
133248,G011
133248,G012
581390,G010
581390,G007
71620,G001
71620,G004
728928,G006
774548,G001
774548,G007
774548,G017
342055,G004
889227,G018
889227,G007
281743,G007
281743,G014
799288,G007
799288,G018
54659,G007
57270,G017
57270,G001
57270,G011
57270,G004
49213,G007
49201,G007
49201,G004
49201,G014
58679,G004
58679,G001
58679,G002
54457,G005
54457,G017
54457,G013
40167,G007
40167,G012
45912,G009
18116,G004
18116,G006
18116,G011
32149,G002
32149,G001
32149,G004
128842,G005
128842,G007
128842,G017
805455,G014
805455,G009
511883,G004
239853,G015
239853,G009
282058,G007
96954,G017
96954,G007
343140,G012
343140,G004
343140,G007
799668,G011
799668,G017
23688,G011
23688,G005
39784,G014
39784,G004
575138,G004
19627,G004
19627,G014
370984,G004
520358,G007
64222,G007
64222,G014
377878,G003
225877,G005
225877,G007
225877,G013
24221,G001
24221,G007
50727,G014
50727,G007
50727,G010
50727,G004
423046,G012
423046,G014
422545,G007
422545,G009
422545,G014
629277,G004
75432,G014
75432,G007
602463,G001
602463,G017
121878,G001
121878,G010
38002,G004
38002,G005
38002,G002
38002,G001
121795,G007
945664,G007
347697,G007
347697,G004
347697,G017
607836,G001
607836,G005
743814,G014
743814,G007
25764,G014
25764,G004
52441,G001
52441,G017
52441,G013
398792,G002
398792,G015
398792,G017
52418,G013
52418,G017
45572,G001
45572,G004
45572,G015
44837,G007
44837,G010
812584,G001
142093,G014
716831,G002
716831,G001
37870,G004
37870,G007
37502,G015
37502,G001
37502,G004
37502,G002
75004,G001
75004,G007
75004,G014
571603,G013
283711,G005
283711,G007
413745,G007
413745,G001
413745,G005
137695,G003
137695,G008
137695,G006
605193,G004
574894,G001
574894,G005
574894,G017
384641,G007
384641,G010
97531,G001
97531,G004
97531,G002
97531,G005
736545,G014
736545,G004
124874,G004
124874,G014
606400,G005
606400,G001
169022,G014
169022,G004
246205,G017
246205,G005
246205,G015
174358,G006
174358,G010
48895,G004
48895,G011
1070442,G017
1070442,G013
1070442,G011
131979,G001
131979,G007
131979,G014
189081,G007
270724,G014
270724,G004
65337,G001
65337,G004
65337,G005
65337,G017
65881,G018
65881,G004
65881,G010
19588,G001
19588,G004
19588,G005
602288,G011
602288,G013
540384,G004
540384,G009
540384,G005
44850,G004
44850,G014
11728,G007
11728,G008
297400,G017
297400,G013
297400,G007
986567,G012
986567,G006
716815,G007
716815,G008
362974,G017
362974,G013
734778,G007
734778,G004
64979,G007
64979,G009
64979,G014
112283,G014
112283,G007
128475,G003
128475,G002
128475,G015
32157,G013
32157,G017
32157,G010
50458,G011
1057001,G017
1057001,G001
1057001,G007
660002,G007
607091,G004
607091,G007
607091,G009
374111,G002
374111,G007
405458,G008
405458,G003
294811,G011
294811,G017
124066,G006
329206,G007
379880,G007
379880,G018
45425,G007
45425,G005
47830,G017
47830,G005
574297,G007
487117,G001
490176,G017
114464,G013
114464,G007
25747,G007
25747,G017
25747,G013
385137,G010
385137,G004
494972,G007
1145796,G006
1145796,G012
132711,G004
132711,G001
265439,G008
265439,G007
462385,G004
462385,G017
63210,G004
63210,G014
50732,G011
564863,G007
564863,G004
564863,G010
37849,G007
37849,G001
37849,G017
580626,G005
580626,G001
72502,G014
72502,G007
41538,G007
41538,G018
41538,G012
61477,G007
61477,G014
571078,G005
571078,G007
1012837,G007
1012837,G001
803266,G007
803266,G008
803266,G004
366654,G007
366654,G014
366654,G009
52592,G014
603314,G005
64377,G004
143653,G002
143653,G007
143653,G001
189150,G004
189150,G014
358908,G007
358908,G006
434942,G004
227336,G007
227336,G001
81593,G007
133605,G004
133605,G014
139162,G007
139162,G010
638032,G007
638032,G010
296633,G007
118913,G014
118913,G007
118913,G012
418426,G007
75812,G009
19482,G004
19482,G014
19482,G007
146650,G008
68442,G007
492317,G004
492317,G009
142284,G002
142284,G009
142284,G004
142284,G013
252509,G003
252509,G004
252509,G008
252509,G015
252509,G009
844386,G011
844386,G013
844386,G009
286940,G008
286940,G003
286940,G002
618200,G005
618200,G002
230722,G017
230722,G013
230722,G011
378084,G001
378084,G004
308924,G007
200995,G014
200995,G007
572158,G017
572158,G013
572158,G005
573808,G007
801604,G001
610321,G005
95910,G014
95910,G007
552345,G007
539033,G007
63465,G004
63465,G014
63465,G007
214775,G006
361996,G007
61269,G014
61269,G007
543628,G004
543628,G007
563489,G007
328716,G001
328716,G013
328716,G004
328716,G002
264746,G007
264746,G005
49284,G004
49284,G014
91596,G014
91596,G007
91596,G004
54543,G007
54543,G014
478160,G017
478160,G002
478160,G013
478160,G001
287420,G004
287420,G014
287239,G001
287239,G007
21442,G004
21442,G014
37844,G004
546768,G007
546768,G004
306758,G007
306758,G014
306598,G006
306598,G014
306598,G007
794870,G012
199771,G011
199771,G017
793147,G014
98232,G007
98232,G005
98232,G010
795797,G007
73897,G001
602661,G005
602661,G001
602661,G007
602661,G010
602661,G017
126186,G014
126186,G004
126186,G007
22510,G004
22510,G014
176182,G006
874476,G017
874476,G013
874476,G007
874476,G005
446138,G009
446138,G007
574302,G005
574302,G007
1054972,G003
1054972,G002
1054972,G004
416403,G003
416403,G015
416403,G002
379887,G014
379887,G004
827689,G014
827689,G001
827689,G004
827689,G007
372836,G002
372836,G004
372836,G009
488372,G001
488372,G007
488372,G010
15286,G001
15286,G017
517543,G004
257568,G001
257568,G007
257568,G017
575602,G001
575602,G005
575602,G004
95164,G014
168998,G014
427433,G001
427433,G005
427433,G017
734355,G001
734355,G002
734355,G009
297292,G004
297292,G014
15272,G006
107434,G004
107434,G014
428395,G007
570511,G007
570511,G004
573791,G010
573791,G001
573791,G018
340912,G014
340912,G004
931175,G001
931175,G009
329174,G006
839354,G007
839354,G014
199342,G008
282153,G008
282153,G007
282153,G004
162146,G007
162146,G010
419116,G007
419116,G014
53978,G007
581218,G003
581218,G008
581218,G002
581218,G009
418383,G007
17075,G007
945703,G004
36329,G007
36329,G014
65847,G007
65847,G014
286313,G007
286313,G004
361297,G001
361297,G007
361297,G010
361297,G018
52616,G018
52616,G007
52616,G014
65652,G014
65652,G007
899665,G005
899665,G008
899665,G007
49289,G004
49289,G014
49289,G007
758895,G001
758895,G004
92488,G007
92488,G004
92488,G014
367195,G005
367195,G001
367195,G017
19609,G001
19609,G004
19609,G005
348230,G007
348230,G014
547403,G007
437116,G001
437116,G005
55767,G005
55767,G007
55767,G013
75185,G014
75185,G004
75185,G007
473256,G005
473256,G001
118179,G004
118179,G005
118179,G007
852370,G007
52415,G004
52415,G007
479794,G004
479794,G007
83830,G007
83830,G004
83830,G014
26137,G007
776545,G007
115100,G017
573787,G007
139319,G010
139319,G014
139319,G018
191052,G005
191052,G017
155096,G007
626129,G017
626129,G013
626129,G011
605680,G004
605680,G002
443484,G008
443484,G003
443484,G002
443484,G004
443484,G013
1063453,G012
512788,G003
512788,G014
37840,G007
114661,G004
114661,G014
141032,G007
264518,G001
264518,G007
531592,G001
531592,G007
531592,G017
485442,G004
516261,G003
516261,G004
45079,G005
45079,G013
45079,G017
45079,G002
45079,G001
553350,G011
553350,G013
291492,G011
291492,G017
291492,G005
942951,G007
170876,G007
289930,G018
289930,G007
289930,G014
382336,G007
382336,G010
420835,G011
420835,G015
420835,G007
378696,G007
365952,G014
387844,G014
387844,G007
415636,G014
415636,G007
59447,G002
59447,G008
59447,G009
319090,G006
634595,G005
634595,G017
77504,G001
77504,G002
77504,G017
752886,G001
752886,G005
752886,G007
48593,G001
48593,G007
48593,G014
639733,G012
115134,G004
115134,G005
115134,G017
133336,G014
133336,G004
244971,G007
244971,G010
68529,G004
68529,G007
165954,G007
473267,G010
473267,G006
494734,G009
494734,G007
493016,G006
462698,G007
462698,G014
115963,G014
115963,G007
342021,G014
342021,G017
342021,G005
111966,G007
575941,G004
575941,G007
575941,G014
62331,G001
62331,G004
94219,G007
94219,G014
47748,G006
346965,G003
346965,G002
346965,G004
215040,G013
215040,G017
210966,G001
210966,G007
345669,G004
345669,G007
345669,G014
329253,G004
329253,G014
598389,G007
962489,G014
962489,G007
589745,G007
591051,G007
591051,G005
591051,G001
591051,G002
591051,G017
61485,G007
61485,G014
86409,G014
86409,G007
65852,G001
58286,G007
58286,G013
58286,G014
299244,G004
299244,G007
517772,G006
549644,G003
549644,G004
549644,G008
549644,G015
358808,G007
1002470,G007
91067,G007
546487,G007
820099,G002
820099,G013
820099,G001
820099,G004
544089,G007
544089,G010
416727,G007
56607,G007
56607,G004
56607,G014
272687,G007
272687,G014
48638,G004
48638,G007
134768,G017
75463,G007
75463,G014
25938,G007
25938,G004
25938,G005
25938,G014
76819,G015
76819,G011
288788,G007
288788,G014
137298,G014
137298,G009
596041,G005
596041,G007
638483,G006
638483,G012
402648,G007
402648,G004
101908,G007
141932,G005
141932,G007
141932,G013
141932,G017
675308,G011
675308,G013
750249,G003
208567,G001
785554,G012
785554,G006
64223,G007
114760,G001
114760,G004
114760,G005
182633,G007
54225,G014
54225,G007
75100,G004
41549,G007
41549,G017
41549,G005
41549,G013
41549,G014
305312,G007
305312,G014
37304,G007
37304,G004
37304,G014
479272,G007
479272,G001
479272,G017
479272,G005
122528,G017
122528,G001
122528,G002
783127,G013
783127,G007
351523,G014
351523,G007
82190,G018
82190,G001
551634,G014
551634,G007
35821,G007
35821,G004
480647,G007
55651,G006
172716,G017
172716,G007
19886,G001
19886,G002
19886,G004
852401,G007
852401,G014
326854,G007
290217,G014
572197,G004
572197,G001
572197,G009
575720,G008
575720,G007
996525,G011
996525,G007
996525,G001
736516,G007
52541,G003
52541,G015
52541,G001
302945,G007
302945,G014
671040,G007
200976,G007
200976,G012
535186,G011
535186,G013
436992,G007
436992,G004
284621,G004
284621,G014
33548,G014
33548,G007
411442,G001
411442,G002
411442,G009
452408,G005
452408,G004
382563,G003
382563,G008
428574,G006
382653,G007
382653,G017
443686,G015
443686,G001
529859,G007
529859,G012
598440,G004
598440,G010
67025,G007
67025,G017
67025,G013
67025,G014
56247,G007
56247,G014
56247,G010
439928,G007
381879,G007
381879,G013
18791,G017
18791,G007
55641,G004
603783,G013
603783,G017
603783,G005
394051,G007
394051,G011
394051,G013
518681,G017
437083,G017
437083,G001
437083,G007
18431,G007
18431,G008
18754,G011
244188,G007
244188,G014
85508,G003
85508,G007
85508,G004
85508,G008
423248,G007
129955,G007
497834,G001
497834,G007
18166,G007
200487,G006
222463,G007
619166,G005
34561,G018
34561,G007
34561,G010
376549,G007
376549,G011
376549,G013
376549,G017
494456,G007
494456,G014
57147,G004
57147,G014
41544,G014
41544,G007
41544,G004
636282,G007
636282,G004
343059,G004
343059,G001
527436,G007
52419,G011
348613,G004
348613,G014
348613,G007
49202,G004
49202,G001
49202,G005
468892,G007
468892,G010
468892,G018
52421,G001
52421,G007
65681,G004
65681,G007
106505,G011
106505,G001
369553,G014
133476,G007
300498,G007
26998,G008
26998,G003
8943,G007
428481,G004
52061,G007
52061,G017
283671,G008
283671,G003
283671,G002
569267,G010
569267,G007
345674,G004
345674,G007
345674,G014
87481,G007
869724,G007
649177,G014
649177,G004
77823,G004
77823,G011
715253,G001
715253,G017
715253,G005
715253,G002
65318,G007
100702,G011
100702,G017
640275,G007
640275,G014
927286,G009
927286,G004
927286,G001
241761,G007
241761,G014
380254,G007
380254,G015
241885,G007
52578,G004
52578,G014
723640,G014
723640,G007
14152,G003
14152,G008
14152,G015
40228,G004
40228,G014
107540,G004
107540,G014
64846,G007
64846,G004
27027,G014
52435,G007
52435,G014
543294,G007
543294,G012
421483,G007
1112175,G007
1112175,G001
58365,G004
57395,G006
57395,G010
46711,G003
46711,G004
46711,G008
46711,G011
46711,G015
481933,G007
481933,G004
19793,G001
19793,G005
19793,G013
399905,G007
399905,G014
94555,G007
1089654,G003
1089654,G002
1089654,G009
91237,G011
91237,G017
417770,G010
417770,G018
404486,G005
404486,G013
155049,G007
163971,G011
57264,G004
57264,G017
72219,G007
72219,G012
403580,G010
403580,G007
636291,G007
325602,G006
288931,G006
413740,G017
413740,G004
413740,G005
601131,G003
601131,G002
601131,G004
601131,G008
618010,G007
618010,G014
499646,G007
499646,G017
546493,G007
43565,G007
43565,G011
43565,G013
43565,G017
748687,G005
748687,G007
748687,G017
129404,G006
619173,G005
619173,G017
76435,G004
76435,G014
39498,G011
39498,G017
59866,G007
59866,G014
390841,G004
390841,G018
54201,G007
54201,G014
452714,G017
61128,G013
61128,G007
61128,G017
184614,G003
184614,G002
184614,G009
118984,G007
387837,G014
387837,G007
731679,G014
82406,G007
82406,G004
875279,G001
875279,G015
45305,G001
45305,G007
45305,G014
45305,G005
45305,G017
88016,G004
88016,G007
724108,G007
724108,G014
804725,G013
804725,G014
804725,G015
804725,G009
220488,G004
220488,G014
224896,G011
38019,G007
38019,G014
94820,G003
94820,G002
94820,G008
630044,G001
630044,G002
630044,G018
630044,G003
208874,G007
208874,G014
208874,G004
358451,G007
358451,G010
358451,G014
725405,G007
725405,G014
39560,G004
39560,G007
49203,G004
49203,G005
49203,G001
49203,G014
127613,G001
127613,G017
92513,G004
92513,G001
52420,G011
52416,G011
572703,G014
572703,G004
541057,G003
541057,G001
541057,G002
541057,G007
541057,G009
55906,G004
55906,G007
118170,G005
118170,G001
556080,G012
556080,G007
308264,G014
308264,G007
792718,G014
792718,G016
393985,G005
57474,G017
57474,G014
57474,G013
852663,G003
852663,G016
852663,G001
852663,G004
852663,G009
680765,G018
680765,G001
977155,G013
977155,G011
977155,G017
741602,G017
741602,G005
741602,G001
446076,G013
446076,G017
272431,G007
18383,G004
18383,G014
254011,G001
254011,G002
254011,G004
731684,G007
731684,G013
717090,G004
865463,G007
865463,G014
21704,G011
21704,G017
451914,G002
451914,G001
451914,G004
599333,G005
599333,G001
599333,G017
133756,G007
133756,G010
133756,G018
599331,G004
599331,G007
22809,G003
22809,G001
869990,G007
869990,G009
50179,G002
50179,G003
50179,G004
50179,G015
50179,G008
284301,G007
660039,G014
133983,G007
133983,G001
133983,G004
79992,G007
70829,G004
70829,G005
70829,G014
286716,G006
467256,G006
469203,G007
451105,G009
451105,G007
451105,G004
49881,G005
49881,G007
49881,G014
49881,G017
148873,G001
148873,G007
148873,G017
128411,G004
514617,G007
514617,G004
84768,G007
84768,G014
605767,G013
605767,G017
640939,G012
640939,G006
420513,G007
51297,G007
51297,G014
87147,G007
1121612,G007
1121612,G005
87295,G014
87295,G007
95916,G015
95916,G004
95916,G014
581529,G007
581529,G013
36345,G002
36345,G003
36345,G009
36345,G015
128111,G007
66644,G007
419544,G001
419544,G004
137547,G005
137547,G017
431251,G014
431251,G017
431251,G004
983311,G007
384698,G003
384698,G004
384698,G007
384698,G009
384698,G013
384698,G011
1028725,G015
1028725,G001
313452,G004
430384,G014
430384,G008
430384,G007
598075,G007
598075,G014
320000,G007
601664,G013
601664,G017
796157,G007
193696,G004
193696,G014
73970,G007
344938,G004
344938,G007
593999,G012
47841,G007
47841,G014
575722,G007
575722,G008
798751,G007
603765,G008
603765,G007
44217,G007
44217,G008
44217,G014
44849,G004
571783,G007
278778,G001
278778,G004
278778,G005
669748,G002
669748,G009
669748,G001
669748,G017
39278,G011
39278,G009
39278,G017
39278,G014
99231,G007
99231,G014
318541,G004
318541,G014
573801,G005
573801,G004
573801,G001
40974,G007
40974,G014
41546,G001
41546,G004
41546,G015
120244,G004
494858,G017
494858,G005
72575,G007
72575,G014
491937,G007
491937,G004
753091,G007
753091,G002
753091,G015
497561,G013
497561,G007
251037,G006
389201,G002
389201,G004
389201,G008
389201,G009
184635,G006
31185,G007
31185,G010
31185,G008
31185,G014
487252,G008
487252,G007
656159,G014
656159,G007
656159,G008
297743,G014
297743,G007
640327,G007
640327,G005
640793,G004
640793,G014
378537,G007
17342,G007
383200,G001
419242,G007
419242,G008
1077295,G004
617571,G007
617571,G004
181647,G004
181647,G005
464900,G007
464900,G011
464900,G017
133573,G007
133573,G014
453404,G007
453404,G004
411278,G006
411278,G010
55313,G007
55313,G008
452833,G014
452833,G004
43212,G014
43212,G004
43212,G007
57265,G007
57265,G004
57265,G006
482865,G007
69811,G007
132165,G008
132165,G014
55788,G007
55788,G014
41853,G002
41853,G001
41853,G009
52384,G001
52384,G004
52384,G005
537223,G006
228560,G004
304678,G007
537761,G010
551127,G004
55753,G017
55753,G007
550059,G007
220709,G007
275244,G008
275244,G003
218746,G004
218746,G014
50575,G001
50575,G005
50575,G015
50575,G017
136779,G007
136779,G002
64396,G007
64396,G008
149100,G006
85874,G009
373067,G001
373067,G013
373067,G007
373067,G017
931404,G003
931404,G008
931404,G015
931404,G002
85709,G007
26929,G004
26929,G001
101766,G007
101766,G004
375860,G006
420635,G004
420635,G009
420635,G014
704489,G012
821699,G007
821699,G001
821699,G005
531379,G005
531379,G007
531379,G017
705950,G007
933861,G001
933861,G007
933861,G014
824738,G005
824738,G007
824738,G013
824738,G017
626415,G004
626415,G007
101822,G006
101822,G007
177152,G001
177152,G005
177152,G007
638423,G007
102809,G006
173413,G004
173413,G007
173413,G011
173413,G014
165931,G014
602464,G007
602464,G010
637997,G007
637997,G001
44673,G007
44673,G011
44673,G017
73819,G001
422135,G007
424982,G004
424982,G005
424982,G017
433605,G004
432703,G003
432703,G007
74641,G004
74641,G014
276678,G003
710692,G014
286702,G004
286702,G007
419645,G008
419645,G002
419645,G003
419645,G009
413577,G010
413577,G004
413577,G018
466924,G015
466924,G004
466924,G008
466924,G009
469113,G003
469113,G008
683022,G001
683022,G010
683022,G007
683022,G009
80079,G003
476133,G007
447759,G004
447759,G007
447759,G014
452251,G014
452251,G007
121818,G007
64156,G007
64156,G014
63457,G007
63457,G001
63457,G014
63457,G018
361539,G017
303126,G014
303126,G004
366093,G014
366093,G007
366093,G010
366093,G012
730501,G007
340819,G007
340819,G004
340819,G014
339394,G006
5252,G007
5252,G017
729097,G007
729097,G014
124991,G006
334132,G007
334132,G014
716263,G007
716263,G014
18464,G014
18464,G007
385735,G007
385735,G014
400990,G017
400990,G011
399460,G007
399460,G014
715287,G007
715287,G014
19529,G005
19529,G002
19529,G017
19529,G001
373196,G004
373196,G014
369362,G006
371000,G005
371000,G017
382635,G005
382635,G007
721187,G014
535221,G007
532032,G003
532032,G009
531538,G003
531538,G004
40114,G001
40114,G005
817485,G007
52424,G004
52463,G007
52463,G014
521871,G007
521871,G013
521871,G005
200989,G007
85959,G007
85959,G014
52884,G001
52884,G017
52884,G005
200836,G004
200836,G014
588295,G007
149715,G007
149715,G014
525395,G007
39277,G014
39277,G004
571432,G007
571432,G004
38983,G001
38983,G004
572988,G010
572988,G007
572696,G017
805639,G001
805639,G007
805639,G011
545937,G007
38181,G007
217427,G007
95361,G007
597311,G001
597311,G005
254531,G004
254531,G007
196833,G007
196833,G004
500378,G002
500378,G004
500378,G005
500378,G001
500378,G013
852005,G011
852005,G001
852005,G007
601062,G017
601062,G004
193689,G007
193689,G004
601368,G006
477877,G007
477877,G010
255553,G014
255553,G004
848880,G007
483809,G001
483809,G017
483809,G013
510337,G011
510337,G017
513305,G007
513305,G010
32922,G010
32922,G001
32922,G007
238677,G007
114994,G006
114994,G007
125951,G007
125951,G014
654374,G014
728307,G002
728307,G013
728307,G009
122611,G014
122611,G004
122611,G007
161336,G014
44262,G001
44262,G007
44262,G018
729854,G017
729854,G015
729854,G007
1022150,G007
121454,G007
161481,G007
137517,G014
137517,G004
45824,G007
45824,G008
137798,G014
137798,G007
755867,G003
755867,G002
755867,G008
140613,G007
140613,G014
759917,G011
47293,G007
47293,G014
154326,G007
120247,G007
120247,G001
120247,G017
120247,G018
155941,G014
133989,G011
757284,G001
757284,G002
757284,G009
133466,G009
133466,G004
133466,G014
151804,G007
151804,G018
131926,G004
710718,G001
710718,G009
710718,G014
237490,G014
237490,G004
830938,G007
830938,G014
394110,G004
394110,G014
522637,G007
518683,G006
518682,G004
518682,G014
82994,G005
82994,G001
82994,G002
69810,G007
69383,G004
69383,G007
69391,G001
69391,G004
69391,G014
69391,G002
69391,G011
1077025,G004
1077025,G008
1077025,G009
531542,G007
531542,G005
386235,G007
57753,G007
57753,G014
386716,G014
383353,G003
383353,G006
456413,G005
456413,G007
451923,G004
73659,G004
72857,G004
890154,G001
75182,G006
276126,G007
276126,G014
875153,G007
429892,G014
429892,G004
429892,G007
255526,G007
411730,G007
80610,G004
80610,G014
481871,G014
481871,G007
494795,G009
494795,G007
56604,G011
56604,G013
471831,G014
474386,G003
474386,G009
474386,G004
478659,G006
478226,G004
71476,G004
71476,G014
71480,G011
29978,G007
29978,G014
854663,G007
854663,G014
783701,G011
783701,G017
783701,G013
606225,G007
606225,G001
606225,G005
345670,G007
345670,G005
616670,G012
616670,G007
616670,G014
340067,G001
340067,G002
340067,G004
340067,G017
62456,G007
62456,G014
99735,G007
196681,G006
791900,G001
63247,G004
63247,G007
50792,G007
173931,G001
173931,G002
173931,G003
173931,G004
173931,G008
635425,G007
317991,G007
172489,G007
60084,G007
324294,G006
773910,G004
773910,G007
773910,G009
50005,G001
50005,G019
50005,G017
303967,G007
58498,G001
58498,G004
58498,G007
364505,G007
58542,G004
58542,G009
58542,G012
577101,G007
39439,G007
39439,G004
797271,G001
92507,G007
92507,G014
213153,G011
213153,G013
367877,G014
93898,G007
93898,G014
210626,G001
212640,G004
212640,G014
568066,G003
568066,G002
568066,G008
795276,G004
199747,G001
199747,G007
97872,G001
97872,G017
200604,G004
200711,G007
200711,G014
198553,G007
308420,G007
308420,G014
293021,G011
333713,G004
298153,G006
423502,G014
432937,G001
25912,G007
25912,G014
701561,G014
373855,G014
373855,G004
321815,G004
376387,G006
135641,G004
135641,G007
135641,G014
13901,G001
13901,G002
430638,G014
430638,G007
718289,G017
718289,G005
289193,G007
289193,G017
409101,G004
409101,G007
712164,G007
712164,G004
728814,G012
728814,G007
388619,G004
131921,G007
407667,G014
407667,G007
408362,G007
387949,G004
366445,G007
366445,G013
296769,G007
381067,G013
381067,G009
366686,G004
418827,G004
418827,G007
418827,G014
383098,G006
40099,G014
40099,G007
209341,G007
575752,G010
575752,G007
578211,G004
578211,G007
576112,G007
597305,G007
597305,G005
597305,G013
200715,G004
587727,G014
220075,G006
541781,G004
541781,G009
541781,G002
226673,G003
155781,G007
39139,G001
39139,G007
154381,G012
154381,G007
175447,G009
175447,G001
181080,G004
629322,G007
629322,G013
652575,G014
167760,G004
609598,G007
609598,G005
609598,G013
190018,G017
190018,G007
41186,G002
41186,G007
623897,G007
613667,G007
613667,G014
617241,G003
617241,G018
617257,G007
617257,G008
186328,G015
684780,G007
684780,G001
263003,G007
464913,G004
464913,G014
474442,G004
474442,G014
447535,G005
447535,G007
136707,G004
136707,G007
26859,G007
698009,G014
441846,G007
441846,G001
441846,G014
698343,G014
459674,G014
459674,G004
459674,G009
460486,G006
28543,G003
28543,G008
1107387,G007
1107387,G008
521288,G005
521288,G001
521288,G007
521288,G017
240106,G007
240106,G001
45814,G007
45814,G014
45814,G011
537867,G007
150761,G007
150761,G014
36170,G014
36170,G007
528161,G007
254012,G004
254012,G007
255962,G007
487759,G007
502086,G014
502086,G007
502086,G002
502132,G006
48261,G007
50340,G004
50340,G014
755594,G004
755594,G009
118469,G007
752314,G012
799441,G007
95179,G012
95179,G004
72063,G004
113558,G014
91239,G004
91239,G014
91623,G004
91623,G014
80352,G007
80352,G004
80352,G014
63245,G004
63245,G014
49204,G007
49204,G004
49204,G005
87771,G014
87771,G004
765684,G008
765684,G003
68457,G001
68457,G004
748501,G007
748501,G014
68384,G001
68384,G002
81788,G014
81788,G007
48828,G004
958937,G007
958937,G004
99513,G007
746349,G017
746349,G004
52434,G004
52434,G014
848198,G001
848198,G005
798753,G009
798753,G004
798753,G001
823526,G017
823526,G004
823526,G013
792932,G006
72994,G011
72994,G004
72994,G009
69600,G007
69600,G014
529426,G003
529426,G004
529426,G002
529426,G015
661337,G007
661337,G014
527215,G013
527215,G017
422201,G004
671556,G004
671556,G007
359289,G014
111396,G007
159189,G007
112025,G007
424628,G007
426619,G006
357965,G014
357965,G007
35715,G001
35715,G003
35715,G007
10039,G007
10039,G014
354389,G007
110730,G007
939754,G005
939754,G007
307217,G004
307217,G007
85491,G001
85491,G004
665142,G014
844158,G003
844158,G009
844158,G002
443175,G007
443175,G008
116842,G007
142533,G012
142533,G004
145058,G004
145058,G014
138853,G013
138853,G007
138853,G009
31205,G007
335832,G003
335832,G004
335832,G008
694228,G001
694228,G010
694228,G018
76619,G007
76619,G004
76619,G014
314497,G007
314497,G017
336054,G007
254479,G014
446752,G007
314642,G007
314642,G005
757587,G010
757587,G007
757587,G018
49206,G004
434123,G014
434123,G004
434123,G001
244046,G007
241375,G007
241375,G001
241375,G017
241375,G010
153422,G004
309054,G007
309054,G014
351869,G006
152508,G006
45449,G007
45449,G017
1030398,G004
432320,G006
432320,G010
63458,G007
26582,G001
26582,G004
753569,G015
753569,G004
115400,G006
59185,G014
59185,G004
83460,G006
33329,G007
33329,G005
504903,G007
504903,G014
435863,G004
435863,G001
435863,G002
147704,G010
147704,G018
147704,G004
502242,G014
83267,G007
289449,G001
289449,G004
400421,G001
400421,G017
206624,G007
206796,G007
206796,G014
925539,G003
925539,G008
566936,G007
566936,G017
566936,G013
405817,G007
405817,G014
406099,G004
406099,G013
406099,G001
406099,G014
406099,G002
94694,G006
569947,G001
569947,G009
1135247,G011
1135247,G017
379381,G004
379381,G003
70429,G004
70429,G014
387845,G013
387845,G017
387845,G001
41172,G001
41172,G004
41172,G017
387824,G007
387824,G014
387820,G014
387820,G007
199814,G007
918930,G002
918930,G003
918930,G009
198620,G007
40010,G007
40010,G014
602623,G007
602623,G004
602305,G001
602305,G004
394998,G005
394998,G017
604991,G012
604991,G006
604993,G012
604993,G006
584134,G011
41340,G007
538751,G014
416625,G003
416625,G009
643274,G014
413542,G007
37486,G007
414887,G014
414887,G007
109507,G004
109507,G014
657893,G003
657893,G001
657893,G010
657893,G009
657893,G007
168208,G007
937013,G001
937013,G013
937013,G002
409387,G014
409387,G007
559682,G007
559682,G014
1012907,G007
632929,G004
632929,G008
632929,G007
52058,G006
377007,G009
377007,G015
377007,G004
412208,G007
411757,G007
411757,G014
91083,G007
372283,G004
464003,G007
464003,G004
474125,G004
474125,G009
474125,G001
743413,G004
321235,G014
328502,G006
257572,G007
257572,G004
462927,G003
462927,G009
462927,G008
462927,G001
79626,G007
79626,G014
457320,G017
457320,G001
457320,G013
457320,G005
333759,G014
471533,G007
471533,G011
471533,G009
125184,G007
125184,G005
79637,G007
458083,G014
59876,G004
30600,G001
30600,G007
30600,G010
476604,G007
868578,G006
868578,G001
77565,G007
77565,G014
450606,G011
475153,G007
475153,G008
118178,G007
118178,G014
120880,G007
120880,G014
120880,G017
120551,G007
705993,G007
128039,G004
471492,G007
471492,G004
452103,G001
452103,G005
452103,G007
125556,G006
461846,G014
461846,G007
27943,G007
27943,G014
727010,G007
64845,G001
64845,G005
64845,G007
63416,G002
63416,G007
63416,G001
63416,G004
63416,G019
63416,G017
452772,G007
163888,G007
163888,G008
134000,G001
134000,G004
309363,G007
549648,G007
57140,G007
57140,G004
57140,G015
57140,G014
133595,G002
133595,G004
620210,G007
882580,G001
882580,G017
370900,G007
619433,G014
126529,G007
126529,G001
570424,G004
511652,G007
511652,G014
528726,G003
528726,G008
529011,G004
529011,G013
574761,G006
466872,G007
677115,G007
677115,G014
275579,G014
275579,G004
57271,G004
57271,G001
102869,G007
102869,G017
381860,G007
102866,G007
382118,G007
452073,G014
187425,G004
125829,G007
305088,G014
73092,G007
126234,G007
126234,G005
126234,G004
113649,G011
113649,G017
113649,G014
707157,G007
707157,G004
617871,G007
617871,G017
331249,G003
331249,G002
331249,G009
348812,G004
348812,G014
467257,G013
467257,G006
459037,G003
459037,G008
459037,G002
571608,G010
152201,G014
152201,G007
326479,G007
380948,G004
26002,G005
26002,G017
54558,G001
54558,G004
244013,G007
347952,G014
324138,G002
324138,G003
324138,G008
639298,G007
639298,G017
616219,G007
616219,G014
616319,G006
616319,G015
635435,G005
635435,G007
178743,G004
299826,G004
299826,G014
216558,G007
763381,G007
357995,G011
409289,G014
409289,G004
375015,G004
375015,G014
742750,G007
408859,G014
426734,G007
519107,G007
373848,G004
128167,G017
128167,G011
285861,G007
372921,G004
372921,G014
664412,G007
52028,G003
35836,G011
522062,G007
469885,G007
470388,G004
44619,G007
44619,G013
44619,G014
527169,G001
527169,G009
527169,G014
623760,G007
182307,G014
182307,G007
182307,G011
453075,G007
49290,G004
969900,G001
1566869,G007
1566869,G012
805047,G006
53238,G007
53238,G014
612696,G004
612696,G007
622831,G010
622831,G007
622831,G018
853033,G007
853033,G014
903125,G004
903125,G010
73344,G001
36159,G004
36159,G014
36169,G004
48411,G004
48411,G007
48411,G014
73962,G007
73962,G011
73962,G017
286995,G004
286995,G007
157631,G006
457221,G007
66842,G004
66842,G005
832189,G007
832189,G013
214144,G004
214144,G007
214144,G008
214144,G014
74048,G007
74048,G014
118182,G007
78380,G006
387847,G014
387848,G007
387848,G014
394495,G001
394495,G004
255968,G007
118180,G006
72067,G004
72067,G007
78385,G007
78385,G014
1488,G007
1488,G004
795757,G007
862946,G001
862946,G002
862946,G004
59594,G007
59594,G014
264761,G004
264761,G012
65568,G007
65568,G004
65568,G008
337132,G011
52464,G004
52464,G014
685090,G014
600136,G007
685833,G014
386084,G004
957154,G011
957154,G009
418692,G006
60834,G014
60834,G004
1022072,G011
1022072,G013
730497,G007
730497,G014
584699,G002
584699,G007
584699,G015
786170,G017
786170,G007
786170,G011
536370,G004
536370,G001
108805,G007
108805,G014
169226,G004
748359,G001
748359,G002
748359,G009
52411,G001
52411,G006
52411,G004
390381,G014
255302,G007
255302,G014
40949,G007
40949,G004
195807,G011
195807,G004
65417,G007
40735,G017
40735,G005
52425,G008
52425,G012
195921,G014
255782,G007
540062,G006
791315,G017
255967,G007
255453,G005
255453,G007
255453,G014
485343,G007
593751,G011
593751,G017
593982,G012
593982,G006
486906,G014
486906,G007
597102,G014
597102,G007
597105,G007
597105,G008
597105,G004
388892,G004
388892,G007
388892,G014
72442,G007
72442,G004
72442,G014
136942,G007
136942,G014
283353,G007
283353,G004
314569,G005
314569,G007
314569,G017
30841,G001
30841,G017
30841,G005
597110,G007
597127,G007
137200,G003
137200,G008
137200,G002
597309,G007
597309,G004
936243,G007
81566,G001
81566,G002
81566,G014
32774,G007
32774,G004
32774,G014
1113138,G015
1113138,G001
1113138,G007
82951,G007
439935,G013
439935,G007
439935,G005
974772,G007
974772,G005
498955,G004
87332,G004
87332,G007
87332,G014
581395,G007
581395,G017
398246,G007
398246,G014
249277,G007
83352,G014
57394,G007
501075,G008
501075,G004
501075,G014
47322,G004
47322,G014
261433,G007
57322,G007
52255,G007
502235,G007
502235,G014
45856,G004
736168,G001
736168,G014
114784,G007
878706,G005
878706,G017
643786,G009
838167,G007
96686,G004
96686,G014
369095,G007
40049,G001
40049,G007
606802,G006
606802,G010
134772,G004
134772,G007
134772,G014
397637,G006
400823,G017
400823,G007
576352,G007
396937,G006
436024,G011
83517,G001
191391,G007
436219,G002
436219,G001
203927,G007
498419,G001
498419,G004
464908,G006
534171,G007
534171,G014
817557,G004
817557,G007
640347,G007
640347,G014
893030,G006
226327,G014
552857,G012
552857,G006
38026,G001
38026,G004
72250,G001
72250,G007
369852,G017
369852,G007
285696,G007
412092,G014
549245,G003
549245,G002
549245,G008
549245,G015
410882,G010
410882,G007
283674,G013
283674,G007
283674,G014
368938,G003
414085,G014
414085,G004
65714,G003
411363,G006
411363,G010
108052,G004
108052,G014
108005,G007
170435,G007
283542,G007
283542,G013
283542,G014
129560,G006
646748,G007
646748,G004
646748,G015
646748,G016
464927,G017
460339,G017
322877,G007
784164,G012
784164,G006
386219,G011
585830,G011
585830,G017
40118,G007
40118,G001
40118,G015
40118,G014
322684,G007
41500,G004
41500,G005
41500,G017
611861,G014
611861,G007
400385,G014
400385,G007
382569,G014
382569,G007
610249,G014
610249,G004
610249,G007
609595,G007
18376,G002
18376,G007
597622,G006
68894,G007
68894,G010
78452,G005
78452,G011
78452,G013
1021767,G007
1021767,G014
198959,G007
293429,G007
40896,G007
265316,G006
265777,G007
201334,G014
201334,G004
862565,G017
862565,G001
862565,G011
200774,G004
200774,G007
602663,G014
602663,G007
386720,G014
589713,G007
199697,G014
199697,G007
68401,G007
100156,G007
100156,G015
787459,G004
787459,G008
787459,G007
626616,G007
287174,G013
287174,G017
287174,G011
627061,G004
627061,G014
562464,G003
562464,G002
562464,G009
287179,G006
377091,G002
377091,G003
377091,G008
182655,G006
213558,G007
563833,G006
127197,G007
1148694,G001
1148694,G005
1148694,G007
930750,G001
930750,G005
930750,G017
52026,G004
52026,G008
52026,G003
177822,G007
177822,G004
218301,G007
554793,G017
554793,G011
554793,G009
724109,G014
71011,G007
325517,G013
325517,G017
325517,G011
630217,G007
630217,G009
630217,G004
409276,G014
409276,G007
409245,G012
409245,G006
727551,G014
727551,G007
186139,G006
911972,G015
911972,G001
973211,G002
973211,G007
973211,G017
121752,G011
121752,G017
210310,G014
210310,G012
210310,G004
210310,G007
184987,G007
570027,G001
570027,G002
570027,G009
570027,G004
73968,G004
73968,G003
73968,G001
481840,G007
481840,G014
428014,G004
428014,G007
441900,G001
441900,G007
441900,G014
157560,G006
157560,G012
427291,G014
355953,G007
1119563,G001
1119563,G009
453663,G007
453663,G004
1091508,G007
1091508,G014
514821,G011
353552,G007
440617,G014
440617,G007
440608,G006
258936,G001
258936,G011
258936,G017
133050,G007
877260,G011
62546,G004
62546,G007
62546,G009
481563,G017
481563,G001
701952,G014
682908,G014
64432,G003
64432,G015
64432,G002
764348,G014
444191,G004
444191,G007
444191,G014
444015,G006
131922,G012
131922,G004
359169,G007
940164,G004
940164,G007
940164,G001
940164,G005
252105,G004
158645,G004
158645,G007
482207,G017
482207,G014
451122,G004
451122,G007
451122,G008
493390,G007
743408,G007
743408,G004
331376,G005
437216,G008
437216,G007
437216,G013
437216,G017
479702,G006
502474,G007
506830,G007
452371,G014
452371,G004
244024,G006
63243,G004
63243,G014
881298,G005
881298,G007
49093,G001
49093,G007
311170,G001
311170,G011
311170,G009
246409,G017
246409,G011
1078023,G001
1078023,G005
1077647,G007
150279,G007
503171,G007
435064,G004
435064,G009
257296,G001
257296,G002
257296,G005
242344,G007
707610,G007
707610,G014
438376,G007
438376,G004
438376,G014
84163,G007
84163,G001
84163,G015
362071,G004
138614,G007
315202,G004
280928,G017
280928,G001
280928,G007
280928,G011
421914,G011
304941,G004
304941,G003
304941,G002
138713,G010
138713,G004
138713,G007
108851,G007
108778,G007
81628,G013
81628,G009
81628,G015
81628,G017
255081,G007
81754,G007
81754,G014
260085,G011
260085,G017
449072,G006
81752,G005
81752,G017
81752,G007
693900,G001
693900,G007
693900,G005
698779,G014
698779,G001
315719,G014
315719,G007
52585,G004
52585,G007
60923,G018
60923,G007
60923,G005
770903,G007
770903,G014
31184,G001
31184,G002
31184,G004
486912,G007
12434,G001
12434,G017
420965,G007
420965,G013
328445,G006
29976,G004
254427,G011
450112,G007
484715,G007
255873,G017
233842,G011
233842,G017
36164,G004
36164,G014
282907,G005
282907,G017
118144,G007
253401,G007
253401,G004
664345,G003
664345,G001
664345,G002
664345,G007
664345,G009
664345,G008
699361,G004
699361,G007
699361,G017
314281,G014
314281,G004
699136,G002
699136,G009
696167,G007
717908,G007
717908,G004
79625,G007
72392,G004
72392,G007
491815,G007
118189,G007
652574,G014
72498,G004
36181,G001
138058,G004
741600,G008
741600,G007
44788,G007
44788,G014
44788,G009
400703,G011
504071,G007
504071,G001
504071,G010
484525,G005
484525,G013
484465,G006
436366,G006
19613,G004
438444,G006
465316,G011
465316,G007
594690,G007
594690,G008
19591,G001
19591,G004
449239,G006
80644,G018
399850,G007
500967,G003
500967,G007
98555,G014
400433,G007
33252,G003
33252,G008
33252,G016
465595,G014
465595,G007
393929,G006
291416,G007
264438,G004
985794,G001
985794,G007
985794,G011
985794,G015
985794,G017
482204,G007
482204,G014
483066,G006
796120,G007
796120,G004
993885,G007
993885,G014
265629,G010
265629,G001
265629,G007
265629,G018
256443,G007
265779,G017
265779,G001
265727,G005
265727,G001
482706,G007
482626,G014
482626,G007
292115,G002
292115,G003
493697,G006
201319,G004
252519,G007
995063,G004
995063,G001
198618,G004
198618,G007
254441,G007
27539,G007
256210,G007
292818,G007
397379,G014
583090,G007
483295,G007
18528,G014
18528,G004
582377,G008
582377,G007
270259,G014
270259,G004
250359,G007
461435,G007
461435,G014
81635,G007
198971,G006
457328,G007
457343,G011
551575,G007
424124,G006
525152,G007
525152,G014
73445,G006
90933,G003
90933,G004
856742,G001
856742,G018
856742,G017
232729,G006
889215,G012
471413,G014
471413,G007
233433,G014
233433,G007
233429,G007
37837,G008
37837,G007
37838,G007
471058,G006
52031,G003
52031,G002
52031,G004
1107397,G002
1107397,G014
1107397,G007
286090,G007
236261,G007
236261,G004
557276,G001
557276,G004
886430,G007
886430,G008
470413,G013
470413,G005
470413,G007
554776,G007
554776,G014
522261,G007
522261,G004
826951,G007
826951,G014
1126608,G005
542691,G004
417974,G014
455761,G014
535370,G003
535370,G011
535370,G009
535370,G002
535562,G011
535562,G004
1106732,G006
1106732,G012
473736,G007
473736,G004
543254,G007
543254,G014
416052,G010
416052,G006
541025,G017
56606,G004
456053,G007
539453,G002
539453,G009
416728,G006
283451,G004
417262,G011
417262,G007
417262,G017
894826,G007
894826,G001
894826,G005
1096318,G014
1096318,G005
231526,G007
230029,G007
77544,G004
77544,G014
534179,G014
419329,G014
546767,G007
546772,G007
546596,G004
546596,G005
546775,G007
821937,G001
821937,G002
821937,G007
546960,G007
546960,G014
281426,G004
281426,G014
1094457,G007
1094457,G014
1094457,G009
52586,G004
432146,G006
510007,G007
94452,G007
508685,G006
242978,G007
288311,G003
288311,G007
241384,G001
241384,G002
241384,G017
55314,G007
55314,G008
263214,G017
263214,G011
510589,G007
275913,G004
435797,G014
435797,G007
436081,G006
573610,G004
573610,G008
573610,G007
208989,G007
858892,G007
858892,G001
858892,G002
208871,G007
208878,G007
208878,G010
1076443,G006
1076443,G012
243767,G004
276465,G017
434229,G007
434229,G014
506943,G014
506943,G007
276170,G008
276170,G007
836310,G009
836310,G015
836310,G001
243997,G011
427185,G006
517666,G007
516297,G005
516297,G004
516297,G001
477762,G006
477762,G007
477767,G006
91993,G001
91993,G017
240041,G007
84700,G007
84700,G014
78022,G007
78022,G001
78022,G014
467922,G014
84657,G004
84657,G009
84657,G014
84657,G011
84657,G001
983004,G014
74090,G009
74090,G011
406481,G004
406481,G014
563939,G006
778496,G014
778496,G007
760522,G011
760522,G017
760522,G013
42078,G003
42078,G004
42078,G009
615579,G015
615579,G001
615579,G003
647102,G005
647102,G013
647102,G007
155277,G014
155277,G007
155277,G004
315993,G007
315993,G008
315993,G004
965170,G006
956759,G007
309280,G004
1026904,G007
369124,G007
369124,G014
947385,G007
644893,G007
644893,G004
694943,G014
383109,G007
134004,G007
119481,G007
119481,G014
712257,G008
712257,G004
712257,G001
119625,G004
119625,G007
317619,G011
317619,G017
317619,G014
317619,G007
317619,G013
61187,G001
61187,G007
610209,G007
610209,G014
783110,G005
783110,G001
296318,G009
296318,G003
649016,G012
187899,G006
744866,G015
169792,G007
706065,G007
308118,G007
134569,G003
134569,G008
134569,G009
705956,G007
353930,G007
345564,G007
345564,G014
178832,G009
178832,G007
773804,G007
773804,G014
106697,G004
106697,G011
179828,G006
310574,G014
310574,G004
371380,G013
371380,G007
63017,G004
63017,G014
149684,G007
149684,G004
373556,G004
343719,G007
343900,G014
343900,G007
372049,G014
753186,G006
145954,G003
115543,G001
115543,G002
115543,G003
115543,G015
175466,G001
377969,G006
309795,G007
309795,G013
309795,G014
622832,G001
622832,G005
622832,G013
689948,G007
689948,G014
152282,G007
152282,G014
117260,G014
117260,G007
50319,G001
50319,G007
50319,G010
50319,G018
298528,G006
314636,G007
314639,G007
58131,G017
310356,G007
310356,G008
756941,G012
638306,G004
638306,G007
346562,G007
150237,G009
105179,G007
640293,G014
640293,G007
299202,G006
750380,G007
750380,G015
150759,G007
370232,G014
370232,G007
110787,G006
721173,G014
322831,G007
294943,G004
723012,G007
663442,G001
663442,G007
663442,G017
44676,G007
44676,G014
124499,G004
124499,G014
124499,G008
719232,G011
719232,G014
719232,G004
360644,G018
360644,G010
604191,G007
364391,G009
364391,G007
364391,G014
64937,G007
64937,G004
64937,G014
668704,G007
326786,G004
44774,G007
44774,G014
109530,G007
109530,G013
324671,G007
324671,G010
324671,G017
41121,G007
325547,G014
325547,G004
17693,G007
47833,G004
47833,G001
44742,G007
44742,G013
359243,G005
359243,G001
120096,G007
131069,G007
652799,G007
652799,G014
791128,G007
791128,G014
163677,G007
131924,G004
99333,G007
99333,G004
47102,G014
130160,G007
718343,G007
718343,G014
364809,G004
295541,G007
718069,G004
718069,G005
65248,G007
65248,G001
65248,G014
502376,G004
502376,G002
44748,G004
44748,G007
44748,G014
1000197,G001
1000197,G009
346982,G017
346982,G011
346982,G001
276172,G007
276172,G014
661269,G001
661269,G011
661269,G002
661269,G009
437410,G007
423161,G007
661340,G007
311058,G007
503606,G009
503606,G013
503606,G017
525758,G007
525758,G004
310546,G007
310546,G014
346470,G007
346470,G014
346470,G004
233854,G006
114236,G014
114236,G007
114236,G009
949698,G007
949698,G001
423626,G004
423626,G008
1017089,G013
1017089,G011
436929,G007
423855,G013
423855,G007
360221,G007
361286,G004
361286,G014
86613,G007
26136,G007
26134,G005
527415,G004
527415,G005
527415,G017
514589,G007
239647,G007
239647,G014
84825,G001
84825,G005
426147,G001
426147,G004
53275,G007
426208,G007
308429,G003
429720,G004
429720,G007
429720,G014
518558,G004
355068,G003
1031519,G007
1031519,G004
517183,G007
519014,G007
519014,G004
428605,G007
428605,G014
1073425,G001
1073425,G002
25162,G004
25162,G013
25162,G014
25162,G009
428180,G007
428152,G007
10259,G007
10259,G014
276689,G007
359143,G013
359143,G004
359143,G014
45484,G001
45484,G007
45484,G014
348875,G007
84186,G006
73533,G007
309794,G013
309794,G017
512153,G004
425636,G007
667920,G012
512266,G013
512266,G007
430467,G004
73656,G004
73656,G014
308935,G007
308711,G007
352049,G003
352049,G006
352049,G010
1030783,G007
1030783,G018
277510,G007
668096,G011
351254,G017
130800,G007
1094464,G007
1094464,G004
1094464,G014
455585,G007
716854,G017
716854,G005
716854,G007
474412,G007
474412,G014
119746,G006
475409,G014
475409,G007
719231,G007
719010,G015
719010,G014
719010,G013
473924,G004
473924,G014
130281,G007
870026,G001
331429,G003
872613,G007
872613,G009
872613,G014
133991,G013
133991,G007
480474,G004
480474,G014
987072,G017
987072,G011
987072,G004
451921,G007
80547,G007
743483,G017
743483,G005
743483,G013
269233,G007
744148,G007
330848,G007
709056,G007
477812,G007
258955,G004
853315,G007
853315,G014
871983,G017
266069,G007
736193,G007
736193,G014
320173,G004
320173,G007
730513,G006
264361,G007
322752,G006
464912,G007
464912,G001
321172,G007
734104,G007
734104,G014
123346,G011
461969,G017
461969,G001
461969,G009
320858,G006
48111,G007
48111,G014
321007,G015
321007,G014
321007,G007
464131,G007
460788,G004
734949,G006
988719,G017
988719,G004
863138,G017
863138,G001
723539,G001
457591,G007
457591,G014
457591,G004
469682,G004
469682,G007
79195,G007
79195,G014
267413,G004
722156,G007
722156,G014
726625,G001
726625,G017
324510,G007
324510,G004
961665,G010
961665,G007
859078,G004
262649,G014
262649,G007
262649,G004
262892,G014
127189,G003
257497,G006
843445,G007
75932,G007
116154,G007
116154,G014
493880,G007
493880,G008
144664,G007
993998,G001
993998,G010
993998,G018
495975,G013
495975,G011
339591,G004
339591,G014
952476,G017
750209,G007
142621,G007
878393,G012
878393,G006
840525,G007
146817,G007
146817,G005
45866,G011
147535,G017
147535,G007
500842,G007
438030,G007
248080,G003
248080,G008
248080,G002
248080,G004
250305,G007
497110,G001
497110,G018
497391,G005
497391,G001
340603,G007
340603,G014
340605,G004
341565,G006
274286,G003
440250,G007
679057,G014
498416,G006
137545,G014
137545,G007
255956,G007
255963,G007
334380,G003
334380,G002
334380,G009
483368,G007
483368,G004
483368,G005
137937,G014
137937,G004
965214,G006
255779,G007
255779,G014
255779,G009
255763,G007
255763,G014
481546,G014
270395,G014
270395,G007
451199,G004
451199,G001
451199,G002
850805,G011
850805,G009
482040,G014
482040,G007
481891,G014
481891,G007
257448,G001
257448,G017
332685,G004
332685,G008
332685,G014
118188,G007
699173,G014
746375,G014
746375,G007
256890,G017
256890,G011
256890,G004
482571,G004
482571,G005
54324,G001
54324,G004
314586,G007
254181,G007
254181,G004
446808,G007
686329,G001
845264,G001
116958,G007
490189,G007
490189,G014
490066,G002
490066,G009
490066,G003
76530,G006
138969,G014
138969,G004
486435,G003
486435,G008
485470,G014
255322,G004
271263,G001
271263,G004
748852,G007
38069,G007
296007,G004
296007,G014
608319,G001
608319,G007
608319,G008
608319,G011
784610,G007
784610,G014
385017,G007
1006485,G007
1006485,G004
52120,G005
52120,G004
52120,G001
556075,G001
556075,G009
409700,G007
105964,G007
105964,G006
609637,G004
930478,G011
930478,G017
205784,G004
205784,G014
399279,G014
399279,G004
300389,G006
554509,G001
554509,G005
554509,G007
373557,G004
373557,G014
204641,G007
373656,G007
51419,G007
51419,G005
177121,G017
177121,G011
177121,G007
107242,G007
107242,G004
291327,G004
604343,G004
640394,G001
640394,G002
640394,G003
640394,G015
107306,G007
412359,G006
813394,G007
813394,G010
813394,G016
813394,G014
914377,G001
914377,G014
369562,G007
396065,G007
546594,G007
546594,G014
546592,G008
302168,G007
547397,G007
295280,G006
369749,G001
796151,G007
796151,G001
58368,G001
58368,G004
58368,G014
584175,G001
584175,G004
584175,G014
301301,G006
220265,G014
220265,G004
220262,G006
637536,G017
637536,G007
637536,G014
203538,G007
101569,G007
90772,G004
90772,G005
397469,G007
69493,G004
69493,G005
583733,G007
183921,G013
183921,G017
573675,G006
298713,G007
298713,G014
406334,G007
614295,G007
405633,G003
405633,G008
405633,G009
208414,G007
378184,G001
378184,G018
378184,G009
574840,G014
574840,G004
617285,G004
617285,G014
297740,G007
778624,G007
926795,G009
926795,G001
210309,G004
210309,G007
927125,G007
927125,G014
927120,G004
927120,G014
927120,G008
94676,G018
94676,G001
94676,G007
288418,G014
288418,G007
402590,G004
402590,G007
404351,G006
612047,G014
612047,G004
408349,G014
408349,G007
408321,G007
50143,G001
50143,G005
50143,G009
296711,G014
296711,G004
611812,G014
92324,G004
92324,G014
782463,G006
773962,G004
773962,G011
773962,G013
773962,G017
399902,G007
399902,G014
611393,G005
611393,G013
929682,G017
216008,G007
290075,G018
290075,G014
290075,G007
181439,G006
780316,G007
780316,G010
625535,G007
407414,G006
806900,G001
613215,G017
613215,G007
613215,G003
613893,G017
613893,G014
613893,G013
806218,G004
806218,G007
51799,G004
51799,G014
627097,G006
781094,G004
50152,G006
781431,G012
781431,G006
1149485,G004
1149485,G003
299285,G007
612756,G001
612756,G002
612756,G013
382139,G007
382139,G014
72254,G007
52385,G001
52385,G017
390388,G017
390388,G001
540079,G006
533727,G007
88400,G006
391892,G007
391892,G005
770204,G017
770204,G015
231364,G006
231364,G010
231364,G007
65538,G004
65538,G007
283282,G014
283282,G007
99511,G014
99511,G007
541682,G007
541682,G009
541682,G013
367210,G014
367210,G007
920912,G007
920912,G004
920912,G014
165049,G004
196332,G006
196332,G007
387960,G007
387960,G014
387960,G004
108800,G005
658392,G004
658392,G008
658392,G005
417339,G004
652986,G006
363764,G007
363764,G017
365358,G004
365358,G014
417745,G007
417745,G004
936621,G004
936621,G007
936621,G014
656956,G007
656956,G014
363855,G014
52433,G005
52433,G013
52433,G017
52412,G007
52412,G001
818524,G006
532574,G007
532574,G005
532574,G004
167949,G001
167949,G018
420206,G006
52442,G007
532758,G011
1035735,G012
821156,G007
201317,G004
602519,G008
602519,G007
18328,G004
543761,G007
643413,G001
643413,G007
11735,G007
796039,G003
796039,G004
796039,G015
796039,G002
534792,G017
544742,G007
172159,G011
588070,G006
791208,G001
791208,G009
391578,G014
281056,G001
934984,G006
588297,G017
588297,G007
542969,G004
200977,G007
200958,G007
395000,G014
200983,G007
791286,G007
791286,G009
1069069,G014
164481,G007
362250,G007
362250,G001
414420,G014
200781,G004
414829,G007
414829,G004
265991,G007
265991,G012
265991,G005
265991,G004
331586,G004
331586,G003
331914,G014
331914,G007
322671,G007
270066,G003
270066,G009
873022,G007
321371,G011
461356,G014
461356,G007
403128,G004
403128,G014
315883,G002
315883,G007
391242,G006
332260,G007
332260,G004
451759,G012
451759,G007
270143,G014
61493,G004
321628,G003
321628,G008
321628,G004
390505,G007
289294,G007
289294,G014
332834,G014
332834,G001
451417,G014
391907,G014
321870,G006
28872,G004
387810,G007
387810,G014
387808,G007
387808,G014
870144,G014
870144,G007
385102,G004
385102,G007
385102,G014
328064,G007
328064,G009
328064,G017
387846,G004
325424,G004
325424,G007
295824,G007
295824,G014
268522,G004
268522,G002
268522,G014
923150,G007
915736,G013
295010,G004
326654,G012
326654,G006
456467,G007
456476,G004
326644,G012
295484,G006
291777,G012
291777,G006
291135,G006
396553,G007
387052,G005
387052,G013
387052,G014
267971,G007
67791,G004
67791,G014
68990,G001
68990,G005
382766,G003
382766,G008
382766,G009
382766,G002
382766,G015
389114,G006
383323,G014
383323,G007
383323,G004
393380,G004
290191,G015
290191,G007
958226,G001
958226,G017
383280,G007
78130,G007
269358,G009
269358,G011
293951,G017
293951,G007
293951,G013
293951,G001
296715,G007
296715,G014
400483,G014
400483,G007
460047,G006
329321,G017
393831,G007
987538,G011
78025,G007
384490,G006
923706,G013
923706,G017
923706,G010
296372,G007
60024,G007
60024,G004
60024,G008
399166,G008
399166,G007
399166,G014
924141,G007
352037,G005
352037,G001
352037,G007
308624,G014
351239,G014
351239,G004
368621,G007
414426,G003
414195,G001
430775,G013
430775,G004
414284,G011
416326,G009
416326,G007
416326,G014
416326,G013
308117,G007
883321,G004
883321,G015
74227,G001
283486,G013
283473,G017
283473,G001
935202,G004
412578,G004
412578,G003
310093,G008
301522,G007
301522,G003
346793,G007
349109,G007
349109,G014
74573,G001
74573,G017
432266,G008
432266,G003
432266,G004
65880,G007
369847,G007
369673,G006
72896,G014
72896,G007
279677,G017
279677,G007
279677,G014
420249,G007
420249,G014
419619,G001
359254,G011
359254,G013
359254,G017
279662,G007
279662,G004
1121815,G004
361489,G001
361489,G002
361489,G003
361489,G009
361489,G013
887823,G004
887823,G009
421217,G008
421217,G009
421217,G003
421217,G002
421090,G007
65415,G007
65415,G018
428035,G001
417114,G004
417114,G014
417153,G007
417153,G005
417218,G014
417218,G007
56581,G007
56581,G001
884917,G005
884917,G007
282059,G017
282059,G001
980404,G001
980404,G003
426212,G004
426212,G007
426212,G017
425652,G007
425652,G014
282327,G007
282327,G004
279052,G013
279052,G014
279052,G017
426472,G012
426472,G006
58134,G007
58134,G014
337943,G003
377101,G014
377101,G005
377101,G017
954056,G003
337303,G004
339295,G007
929360,G007
929360,G001
286697,G006
929373,G004
951606,G001
951606,G015
951606,G017
287175,G017
287175,G011
287175,G013
443408,G009
443294,G004
443781,G006
448492,G001
448492,G004
288411,G011
288411,G017
927035,G007
379389,G003
379389,G007
288322,G001
335542,G007
335542,G004
335186,G006
271419,G004
271419,G007
271419,G014
70369,G008
70369,G003
874200,G007
380007,G007
334693,G013
334693,G011
334693,G007
449507,G006
405457,G003
927868,G001
927868,G009
874930,G001
874930,G009
874930,G002
404738,G007
447410,G007
405024,G001
405024,G005
311630,G017
311630,G004
343808,G006
437542,G014
1131838,G001
878974,G007
410310,G004
410310,G014
373512,G004
342585,G007
931438,G007
931438,G017
931438,G013
411346,G007
435680,G014
435680,G004
1114368,G012
1114368,G006
311224,G004
311224,G007
311224,G008
932531,G004
411017,G006
436047,G001
436047,G017
410840,G007
410840,G014
66169,G001
374922,G011
374922,G017
374909,G014
374909,G017
877512,G007
877512,G008
877512,G014
966734,G015
966734,G007
877427,G007
340479,G008
340479,G007
374586,G007
341107,G004
442298,G007
929770,G001
1152376,G001
373947,G007
75464,G009
75464,G014
75464,G007
342270,G017
342270,G001
62682,G003
62682,G007
62682,G004
62682,G011
440127,G006
75678,G004
930789,G014
1112863,G011
1112863,G013
409725,G006
341395,G006
439603,G007
439603,G004
551777,G004
551777,G001
672829,G001
672829,G009
811512,G012
673407,G005
673407,G007
673407,G014
218697,G013
218697,G011
218697,G017
216677,G014
216677,G013
554136,G007
218280,G009
217732,G006
153438,G007
37528,G004
37528,G007
546287,G007
546589,G007
546589,G008
546589,G005
153146,G001
153146,G004
544581,G014
548992,G014
548992,G007
49286,G004
49286,G014
547991,G007
547991,G005
803623,G007
569123,G001
569123,G004
45092,G001
45092,G007
572784,G004
572784,G014
570899,G014
570899,G004
209846,G012
209846,G007
667707,G014
667707,G004
571707,G006
667615,G014
667615,G007
560524,G004
560524,G007
560821,G014
562497,G014
1003984,G017
215901,G007
566545,G006
669179,G014
669179,G007
762568,G007
762568,G014
762568,G004
762585,G007
762585,G004
563971,G003
523206,G006
826934,G014
826937,G014
520339,G007
520339,G014
45889,G004
521452,G003
521452,G009
521427,G004
521427,G013
521427,G001
527703,G004
527703,G008
523865,G007
52852,G004
52852,G005
52852,G017
147533,G007
525003,G014
832584,G004
832584,G013
517334,G007
818757,G001
818757,G004
52423,G001
52423,G004
819413,G014
757583,G014
757583,G009
228687,G004
542330,G015
1067513,G001
1067513,G002
1067513,G013
1067513,G017
539575,G007
540884,G004
540884,G009
540884,G001
540884,G010
823800,G006
823883,G007
823883,G014
529785,G007
529785,G004
529785,G001
1069564,G014
1069564,G001
1069564,G009
229557,G010
229557,G007
229557,G018
532759,G001
532759,G010
532185,G006
230543,G001
230543,G005
230543,G014
608328,G007
608328,G004
608325,G014
608325,G007
609256,G007
784385,G012
784385,G006
101824,G006
638000,G004
638000,G007
638000,G017
612760,G001
612760,G002
612758,G001
612758,G002
612552,G011
612552,G014
612552,G004
612759,G001
612759,G002
612763,G001
612763,G002
612765,G001
188594,G007
611086,G006
611690,G007
611690,G010
638351,G003
638351,G002
41178,G007
41178,G014
41178,G012
193709,G007
193709,G009
193709,G014
600706,G007
644609,G001
644609,G002
600198,G006
645981,G007
785507,G017
50728,G007
50728,G018
50728,G010
784941,G007
784941,G014
172723,G004
172723,G007
602635,G007
602635,G010
1012471,G015
1012471,G003
1012471,G002
631750,G007
624584,G014
624584,G007
622830,G007
622830,G001
183048,G001
774014,G001
774014,G009
1039376,G017
627430,G011
627430,G017
628755,G001
628755,G002
628466,G010
628466,G007
630698,G007
630698,G009
773625,G007
178165,G007
178165,G008
773904,G007
626109,G007
42781,G007
616139,G001
616139,G009
616449,G001
616449,G005
616449,G007
635690,G007
779519,G007
779519,G014
635124,G007
635164,G014
635164,G012
778150,G007
778150,G004
778150,G014
109994,G007
109994,G014
1034643,G007
579885,G007
661504,G006
204319,G004
657531,G014
586342,G014
586342,G007
585592,G007
585592,G004
795793,G001
795793,G010
795793,G018
770449,G001
770449,G010
1050090,G001
1050090,G009
1050090,G014
658811,G001
658811,G013
658811,G009
109736,G004
109736,G001
658228,G014
584776,G017
664291,G007
1056235,G007
1056235,G014
578844,G014
799348,G007
579853,G006
579846,G014
579846,G007
663172,G007
663172,G005
663172,G014
39697,G007
39697,G017
44024,G004
44024,G014
791137,G001
791266,G001
791266,G009
650273,G007
650273,G014
792666,G007
792666,G004
792666,G014
792861,G001
792861,G014
593959,G003
593959,G002
593959,G009
168739,G014
597614,G006
597614,G007
597614,G008
1008640,G007
1008640,G005
649233,G003
649233,G008
649233,G012
649233,G015
649662,G007
789489,G005
789489,G017
597112,G007
195811,G007
596974,G014
795295,G013
1034871,G005
199704,G007
199891,G014
199891,G004
166919,G007
589743,G007
656268,G007
656268,G014
200601,G004
200623,G007
200773,G007
200786,G004
591988,G005
591988,G011
653438,G007
653438,G013
653438,G001
652787,G008
652787,G007
652787,G014
652836,G007
652836,G014
590628,G007
108823,G004
108823,G007
1035274,G007
1035274,G002
1035274,G001
839819,G001
258239,G006
500706,G007
471537,G004
471537,G014
990344,G007
990344,G004
990344,G005
857181,G006
1022811,G015
1022811,G001
47649,G003
47649,G008
127029,G007
127029,G008
704176,G014
717915,G014
717915,G007
491401,G007
717710,G007
725208,G006
840528,G011
840528,G017
472306,G012
127451,G006
840611,G004
254025,G007
262464,G007
489150,G014
480433,G004
737030,G007
737030,G014
707295,G006
707295,G012
488616,G007
837749,G007
502556,G007
705989,G007
705991,G007
705980,G007
852363,G007
852363,G014
690450,G001
690450,G018
690450,G010
490060,G001
83438,G012
716850,G011
716850,G004
126425,G007
126425,G014
716863,G001
716863,G004
79270,G014
79270,G007
706066,G007
706066,G008
503103,G006
689481,G001
689481,G014
689481,G009
689481,G011
1026103,G017
698327,G014
721262,G013
721164,G014
698438,G014
475148,G007
475148,G013
474952,G004
137417,G007
250961,G015
250961,G007
250961,G013
250961,G014
843441,G004
853636,G001
853636,G017
1081594,G001
1081594,G017
1081582,G009
701235,G003
701235,G001
701235,G009
477210,G014
477210,G007
852881,G007
852881,G014
741310,G006
137945,G006
498582,G006
249826,G004
127857,G004
127857,G007
497612,G007
492460,G006
741126,G007
82765,G005
82765,G004
249938,G002
249938,G004
249938,G007
249938,G008
497803,G007
497803,G014
474420,G017
474420,G007
474420,G013
474420,G011
131124,G007
482107,G001
482107,G004
482147,G007
465410,G017
465410,G011
264071,G001
1019619,G007
1019619,G008
508624,G004
508624,G005
847725,G003
511642,G014
511642,G007
847735,G001
847735,G009
481949,G014
481949,G007
481949,G015
481949,G004
730592,G012
730592,G006
130958,G007
243619,G003
991929,G004
141941,G009
141941,G001
255893,G006
255882,G007
133117,G007
712246,G012
712246,G006
482600,G014
482600,G007
482498,G004
735131,G001
735131,G015
735131,G002
742734,G002
751132,G001
742755,G013
862664,G006
992827,G014
1017794,G017
1017794,G009
1017794,G011
863313,G006
481172,G007
254455,G012
512799,G006
256130,G007
256225,G007
728590,G002
728590,G013
734115,G007
734115,G014
729034,G007
729034,G014
729034,G012
708422,G007
708422,G014
481267,G016
481267,G007
736514,G007
846799,G007
140779,G007
996827,G011
996827,G004
996827,G014
728194,G007
728194,G009
466802,G012
46954,G008
46954,G003
836491,G007
836491,G005
729307,G014
486776,G007
486776,G004
481836,G007
481836,G014
481844,G004
847073,G007
847073,G017
462605,G004
462605,G001
263343,G014
263343,G004
263343,G001
125241,G006
365390,G007
365390,G014
365391,G011
365391,G017
365391,G013
742748,G007
742748,G004
742748,G009
719835,G007
719835,G014
719835,G005
652572,G014
660047,G001
660047,G010
1166034,G005
719511,G017
719511,G001
719511,G013
719511,G005
660653,G014
719515,G001
365745,G014
365745,G007
365745,G013
651659,G007
651659,G014
743119,G001
719346,G004
719346,G007
656421,G007
656421,G015
717268,G001
1019810,G002
1019810,G007
655090,G007
655090,G017
716157,G004
716157,G011
717535,G009
938086,G007
938086,G008
362911,G011
657654,G014
1024392,G007
1024392,G001
655857,G001
655857,G011
655857,G013
655857,G017
363636,G007
656156,G001
656156,G007
656156,G017
716858,G015
716858,G004
716875,G015
716875,G008
716875,G014
937313,G007
937313,G017
716839,G007
716839,G008
656958,G007
656958,G014
653122,G007
653122,G014
653127,G014
1615517,G012
1615517,G007
652843,G014
768801,G007
742726,G007
742726,G017
714653,G007
714653,G004
714652,G014
714652,G007
652977,G001
771611,G007
771611,G005
771611,G017
771611,G008
959249,G008
959249,G004
653960,G007
653960,G014
938144,G007
938144,G014
970221,G017
970221,G013
362562,G013
362562,G007
364812,G011
364812,G017
362639,G006
372559,G007
735991,G003
635397,G007
635399,G007
635399,G008
635437,G007
635437,G014
635400,G007
736240,G007
729477,G007
372363,G014
372363,G004
373033,G013
730483,G001
730483,G015
730483,G004
730483,G009
730483,G003
322543,G011
322530,G011
322528,G004
322528,G011
735811,G007
729856,G006
637994,G008
637994,G013
637994,G011
727602,G001
636358,G007
636293,G004
636293,G001
964592,G011
964592,G013
1021582,G009
374992,G007
374992,G002
1152379,G001
1152306,G001
1152306,G017
629274,G006
774175,G007
964198,G004
929813,G014
929813,G004
630094,G001
931217,G007
931217,G014
731169,G014
731169,G004
1022063,G007
1022063,G011
1013698,G007
1021061,G007
1021061,G001
1021061,G013
322498,G011
931306,G001
962931,G017
962931,G005
962931,G007
931405,G003
931405,G002
931405,G004
931405,G001
931405,G008
930728,G007
772638,G012
772645,G012
930458,G001
321954,G007
373860,G013
373860,G003
971978,G007
971978,G009
971978,G014
735168,G014
646315,G001
646483,G007
722907,G003
368189,G014
723614,G007
723614,G014
1020346,G012
723355,G014
723298,G007
723298,G014
935885,G014
935885,G015
935885,G002
649991,G006
649986,G013
649986,G017
740529,G007
740529,G017
649537,G004
740706,G004
740706,G008
740706,G014
650282,G007
650282,G014
326695,G006
648376,G017
648376,G013
721831,G007
721831,G014
366639,G014
640286,G007
640286,G013
738034,G007
738034,G014
324404,G007
324404,G014
640828,G007
640828,G014
640828,G016
1022833,G007
1022833,G017
727037,G011
727037,G017
726628,G001
726628,G018
726628,G010
726627,G009
726627,G013
726627,G014
370391,G007
370391,G008
724623,G006
369172,G002
369172,G003
369172,G009
644283,G014
644283,G011
644255,G001
644255,G007
1657373,G004
1657373,G007
1657373,G009
1657415,G017
1657415,G007
1657415,G013
1657443,G005
1657443,G010
1657443,G017
1657443,G013
1657476,G007
1657476,G009
1657476,G014
756878,G002
756878,G001
1254529,G001
1254529,G014
1254529,G007
688302,G014
756806,G003
756806,G004
756806,G008
756806,G015
346804,G007
756501,G017
756501,G007
687932,G006
686453,G001
686453,G005
686453,G017
686453,G013
686453,G007
345201,G014
345201,G004
687642,G003
687642,G009
687455,G012
687455,G006
955500,G009
955500,G001
955500,G010
955500,G002
691655,G014
759241,G007
759241,G009
759241,G017
759241,G010
349182,G014
349182,G011
349182,G004
347800,G007
347800,G008
347800,G009
348010,G014
690544,G014
676576,G005
954905,G003
954905,G004
347696,G007
347696,G009
757764,G007
691302,G001
691302,G007
955369,G004
748680,G014
748680,G007
679232,G004
753092,G007
752662,G001
752662,G018
752662,G010
751167,G001
751167,G004
680973,G017
680973,G005
341713,G014
682214,G006
340290,G017
339812,G007
339812,G014
751435,G001
751435,G005
339264,G006
1413033,G001
1413033,G007
1413033,G017
754872,G007
754872,G006
953656,G014
953656,G007
953656,G001
755661,G012
684687,G006
750191,G007
342365,G003
753799,G006
684501,G007
684501,G014
335205,G014
335205,G001
335205,G007
705990,G007
705990,G008
705992,G007
744965,G006
706064,G007
707167,G007
707173,G007
707173,G013
707173,G017
957992,G005
957992,G007
957992,G001
763577,G009
358253,G011
958001,G001
958001,G015
958001,G002
332236,G004
332236,G008
332415,G004
669289,G007
669289,G014
704440,G014
704235,G001
704812,G004
766845,G005
766845,G017
662691,G008
711978,G014
662963,G006
711988,G003
1024652,G013
1024652,G008
766476,G003
664046,G014
663565,G003
663565,G006
663160,G007
713262,G006
361533,G007
361533,G006
743475,G007
329851,G004
661733,G014
661733,G004
666176,G004
666089,G007
666089,G014
708981,G007
708981,G014
708987,G007
359368,G017
358891,G007
665369,G011
665342,G017
665342,G005
665210,G004
665210,G014
765056,G007
945087,G007
1174170,G017
1174170,G013
944987,G007
945364,G001
944766,G013
944766,G005
697630,G004
747298,G012
334311,G004
334311,G006
334309,G008
334309,G007
353218,G008
335117,G014
335157,G014
695673,G001
674185,G011
674185,G017
674185,G013
352155,G004
761584,G014
355042,G014
355042,G004
700865,G014
943030,G010
702640,G001
702640,G017
957220,G007
957220,G014
957220,G008
701944,G014
353904,G007
333799,G006
760943,G014
698818,G014
698999,G014
698999,G007
698963,G014
698430,G001
956629,G004
956629,G007
700211,G014
700567,G014
670870,G007
670870,G008
354697,G011
968581,G012
968581,G006
956734,G014
956734,G007
333451,G017
333451,G007
432278,G014
882113,G012
882113,G006
511931,G007
511931,G013
431412,G003
431412,G009
431412,G011
881677,G007
881677,G002
997392,G001
997392,G005
514203,G007
514203,G012
833214,G001
833214,G005
428127,G012
831543,G011
884475,G007
884475,G008
884231,G011
515698,G003
515698,G008
515698,G015
515698,G002
832064,G007
512526,G004
1117362,G005
1117362,G001
512945,G001
983107,G001
430506,G014
430506,G007
833999,G006
513862,G003
429916,G007
429916,G004
429774,G004
998554,G007
998554,G015
998554,G002
995541,G002
995541,G001
995541,G009
995541,G013
840239,G011
840239,G004
840612,G014
840612,G004
840361,G007
502436,G007
502436,G014
839172,G001
839172,G014
839131,G006
501840,G010
501840,G006
502191,G006
839060,G006
499911,G014
500030,G009
500030,G014
500030,G016
878023,G017
434844,G006
1077297,G007
505292,G014
435028,G007
435028,G014
1115220,G001
1115220,G009
996529,G001
996529,G005
436338,G009
436338,G003
436338,G001
436456,G007
436456,G008
838443,G013
838443,G005
838443,G007
504824,G001
1114775,G007
1114816,G007
996584,G007
435705,G007
1077575,G007
1077575,G004
531590,G007
531807,G004
531807,G011
531807,G001
531807,G009
531221,G007
530626,G014
530626,G004
420876,G007
420876,G003
822264,G001
822264,G007
528962,G007
1121362,G004
1121362,G014
1121362,G007
528940,G014
528940,G004
422206,G007
528165,G007
528451,G007
422533,G004
422533,G014
528547,G014
422019,G004
422019,G007
536000,G003
536000,G002
536000,G015
535853,G012
535853,G006
820102,G007
820102,G014
820102,G009
891227,G008
891227,G007
820596,G012
820596,G006
820317,G017
820317,G001
820317,G002
891118,G007
891118,G001
891118,G013
820435,G007
819156,G007
819156,G015
417742,G007
417742,G008
820079,G006
418106,G008
418106,G007
1001074,G007
419114,G014
419114,G007
980491,G004
980803,G003
534093,G001
534093,G002
534093,G013
519589,G002
519589,G011
519589,G017
519844,G004
519844,G011
886503,G007
425923,G007
425756,G001
425756,G007
425756,G008
427611,G014
427611,G004
428011,G007
1073274,G014
1073274,G004
427883,G004
831045,G006
829275,G014
829275,G007
427175,G014
427175,G008
427175,G007
829860,G006
825039,G012
423508,G014
423761,G008
423761,G007
525135,G001
525135,G002
525135,G009
524948,G004
524948,G014
423159,G007
423153,G011
423153,G007
824424,G009
824424,G001
824424,G002
824424,G007
527210,G007
527210,G014
1072077,G001
1072077,G007
826945,G007
825893,G011
524872,G007
473815,G007
854931,G004
473635,G007
455575,G001
455575,G003
869551,G007
869551,G004
869536,G004
869536,G014
869536,G009
869539,G014
869543,G006
471426,G007
456786,G004
855506,G009
855506,G007
473345,G009
473345,G013
869761,G015
869761,G013
869761,G017
1090465,G017
1090465,G013
1090465,G002
1107825,G004
1107825,G017
991284,G012
991284,G006
453133,G007
452093,G006
452034,G014
452034,G007
987083,G004
1108197,G001
987082,G006
987470,G017
987470,G013
1092546,G009
1092546,G014
1092546,G001
477598,G006
478224,G003
853727,G001
861027,G001
464920,G008
464920,G007
861191,G007
464904,G017
464904,G004
464904,G009
464904,G011
464899,G001
464899,G004
860911,G007
860911,G004
860911,G014
465088,G007
465088,G014
465059,G011
465059,G017
860793,G007
465597,G014
864960,G017
864960,G013
1103197,G017
1103197,G013
462616,G014
462616,G007
862985,G006
464036,G004
1103693,G006
1103693,G007
863177,G011
863177,G017
1098343,G005
1105211,G005
458185,G004
458185,G007
468840,G007
468840,G008
468840,G014
868837,G006
988182,G007
467280,G006
1099639,G014
1099639,G007
858236,G007
858236,G004
858236,G014
459364,G004
466744,G007
466744,G004
468260,G009
468260,G004
468262,G007
444330,G004
444330,G001
492851,G017
492851,G001
492442,G007
492442,G014
844510,G007
493714,G013
493714,G011
493714,G017
443519,G007
493862,G007
443683,G003
493385,G014
493385,G004
445914,G007
445914,G014
490884,G017
1084437,G017
446118,G007
446118,G004
490120,G015
1082780,G001
1082780,G004
845005,G007
1083501,G007
1083501,G008
1083792,G005
1083792,G013
494053,G017
494053,G008
494053,G009
877295,G007
877295,G008
877440,G006
877401,G007
877409,G007
877263,G007
877265,G007
498048,G006
440938,G014
842006,G007
842006,G018
440649,G007
1112115,G001
1112115,G011
1111644,G001
1111737,G007
1111737,G001
1111737,G017
1111737,G018
843186,G011
843186,G014
495871,G014
495871,G007
843084,G007
450238,G007
483481,G007
483481,G008
1087518,G012
1087518,G006
450126,G007
1109100,G007
483319,G006
874235,G003
874235,G001
1109519,G004
451436,G004
451436,G014
451606,G008
451606,G003
451606,G004
451922,G007
851531,G007
851531,G004
851531,G005
482492,G014
482720,G004
482720,G007
482598,G014
482598,G007
481994,G004
481994,G007
482059,G014
482059,G007
481939,G014
481939,G007
482258,G006
850581,G007
482169,G005
482169,G007
489300,G007
489300,G008
489311,G004
489551,G007
489084,G014
448653,G007
874537,G011
874537,G007
486815,G006
874762,G007
597254,G014
597254,G004
597254,G007
597515,G004
597515,G008
597119,G003
597111,G007
597111,G008
597109,G007
920538,G007
920538,G013
920538,G005
596755,G004
596755,G007
596755,G008
596911,G007
597795,G003
597795,G007
391267,G007
791884,G014
791884,G007
594295,G001
1008637,G011
1008637,G013
596079,G006
595852,G001
790948,G001
790948,G013
790948,G017
390390,G004
602625,G004
602625,G007
386871,G014
386858,G008
603053,G014
385895,G007
385895,G017
1044280,G017
1044280,G013
1044280,G001
1044280,G002
604812,G007
604812,G002
603567,G005
603567,G007
386622,G004
921373,G007
600082,G007
388557,G008
599139,G011
599139,G017
599139,G013
599139,G005
599204,G006
788022,G007
788022,G013
787929,G012
387415,G017
387415,G011
921708,G012
921708,G006
787244,G007
787074,G014
387814,G014
387814,G017
395572,G007
395572,G014
395475,G001
395475,G004
395475,G014
588689,G006
795321,G005
795321,G001
795417,G015
795417,G017
795417,G009
795417,G013
585049,G007
585049,G014
585295,G006
1051416,G007
1051412,G001
1051412,G002
1051412,G009
1051412,G017
586149,G017
586149,G011
915655,G007
915655,G017
585411,G006
915039,G003
915039,G004
915039,G001
918487,G007
918487,G014
793288,G007
589977,G006
794685,G015
794685,G003
794685,G018
794685,G004
1047445,G002
1047445,G009
1047445,G011
589602,G015
591446,G002
591446,G001
591446,G009
591446,G014
392909,G007
392909,G005
392909,G001
777200,G007
619561,G003
619561,G009
622222,G007
622222,G014
621372,G007
621372,G014
927177,G006
380008,G008
380008,G004
617640,G007
619164,G011
619164,G017
618113,G004
774875,G007
626618,G007
626618,G004
376858,G014
774285,G003
774285,G001
774285,G002
774285,G009
774261,G004
774261,G014
774261,G007
1149717,G004
377935,G004
377935,G014
928333,G014
1039907,G007
928241,G017
785505,G004
785505,G001
608559,G009
608559,G014
783481,G006
608326,G007
608318,G017
608318,G005
608318,G011
924423,G017
924423,G011
383582,G007
610737,G003
610737,G012
610737,G001
610737,G009
783300,G006
1043826,G007
784935,G007
784935,G014
605249,G008
605249,G007
605281,G006
605622,G006
605929,G009
605929,G013
784314,G007
784314,G008
384841,G013
384841,G005
923612,G004
923612,G011
606925,G007
1043805,G007
779601,G004
614201,G001
616141,G001
616141,G009
380988,G007
380988,G011
1011301,G014
381189,G007
926174,G001
926174,G013
610792,G007
610792,G014
925063,G012
611667,G015
611667,G017
611667,G013
781856,G007
781856,G014
382833,G007
612764,G001
925668,G007
925668,G001
612761,G001
612761,G002
612762,G001
612762,G002
1042070,G001
780482,G007
382480,G017
382480,G011
551655,G007
551655,G004
551921,G001
551921,G004
551921,G008
896796,G004
551387,G007
551387,G004
551267,G018
551267,G010
551267,G007
897663,G007
897648,G012
897648,G007
1002959,G007
552802,G004
552848,G014
549529,G012
411837,G007
411837,G009
813313,G015
813313,G009
813313,G002
813313,G001
813313,G011
412122,G007
812788,G017
812788,G011
812788,G013
812788,G002
895646,G005
411434,G013
411434,G005
550544,G006
812326,G014
812326,G004
550009,G007
550009,G014
559062,G007
408845,G007
409123,G014
409282,G014
409282,G007
409282,G017
559638,G014
1133013,G007
1132936,G017
1132936,G013
1132936,G011
554500,G007
1061536,G004
1061536,G013
557293,G003
557293,G008
898581,G011
415621,G005
415621,G007
817480,G011
817480,G013
541086,G007
541086,G004
893475,G006
542683,G006
979775,G015
979775,G007
979775,G001
979775,G013
542245,G001
542245,G007
538338,G014
417600,G001
416312,G001
539678,G006
892708,G012
894754,G013
894754,G011
894754,G017
547207,G007
547207,G004
546657,G006
1127546,G011
1127546,G017
814643,G007
814636,G007
814633,G007
546597,G007
546597,G005
413392,G007
413392,G014
895179,G006
547878,G004
547878,G014
543616,G004
543616,G009
543526,G003
543526,G017
1126805,G004
1126805,G001
815052,G006
545228,G017
814935,G004
814935,G015
894235,G007
545407,G007
545407,G004
543831,G014
894078,G013
894078,G007
1137132,G012
977397,G001
977397,G005
977397,G007
575713,G014
575906,G004
575906,G001
801242,G007
801242,G014
977542,G001
977542,G002
977542,G011
977542,G015
1006635,G001
1006635,G013
1006635,G009
913857,G015
913857,G008
913857,G002
399781,G008
399781,G007
398987,G008
565602,G006
565602,G013
565602,G005
902077,G007
406260,G017
406260,G007
406485,G014
406485,G004
805527,G012
805527,G007
567128,G014
567128,G001
567128,G005
567128,G007
567128,G002
567128,G004
805046,G007
805050,G007
805061,G015
805061,G011
805061,G007
805056,G007
562476,G009
562476,G001
562476,G015
561399,G004
408165,G001
561594,G012
561594,G006
407305,G007
978202,G004
978202,G014
571784,G007
571784,G005
571607,G012
571607,G006
571105,G014
571105,G007
571208,G004
571208,G008
570800,G006
1005621,G007
1005621,G001
572166,G007
572166,G014
402931,G007
402931,G010
903614,G001
903614,G002
570368,G001
404354,G012
569205,G007
569205,G004
404421,G007
404421,G009
404421,G004
933379,G003
933379,G001
255250,G011
255250,G016
255250,G014
80401,G007
70040,G007
40230,G017
40230,G001
254777,G004
255957,G007
255957,G014
255959,G009
207044,G007
48212,G007
48212,G001
48212,G017
303189,G004
179730,G007
314534,G006
314515,G014
255760,G014
298017,G007
285012,G004
137513,G007
279664,G014
279664,G007
209868,G008
209868,G007
253848,G007
253848,G014
308927,G007
38241,G006
38241,G002
298928,G012
298928,G006
298928,G009
136753,G018
136753,G007
80608,G007
136340,G012
308713,G015
308713,G007
48981,G007
48981,G004
117056,G017
117056,G011
46904,G004
37847,G004
139350,G004
182309,G011
182309,G017
47051,G011
117815,G007
117815,G014
182521,G006
204313,G017
204311,G004
259878,G009
259878,G004
116044,G012
116043,G012
68910,G007
296713,G017
203984,G007
221897,G014
221897,G007
206224,G003
206224,G002
206224,G009
206224,G008
74640,G007
235425,G010
235425,G007
256590,G001
256590,G007
74574,G005
74574,G017
314987,G007
314987,G014
182021,G007
280591,G007
258474,G007
258437,G001
258437,G010
258437,G007
258406,G007
222282,G014
222282,G001
133170,G006
301915,G017
301915,G011
129171,G004
129171,G009
246284,G003
241928,G006
241928,G007
133139,G007
73467,G012
248557,G011
248557,G015
240874,G001
240874,G007
240874,G005
168030,G001
131983,G004
310440,G007
39098,G007
39098,G014
39098,G012
83420,G007
52387,G001
52387,G004
309774,G007
242363,G007
242363,G014
251800,G006
58546,G004
86070,G007
135654,G014
165737,G004
165737,G014
311819,G003
276658,G017
276658,G007
276658,G013
276658,G014
81750,G005
81750,G013
81750,G017
134273,G001
134273,G004
134273,G005
309282,G007
134013,G007
84703,G007
84703,G014
38741,G011
173237,G003
173237,G004
285777,G007
285777,G001
126949,G011
174014,G007
174014,G013
320043,G004
305812,G008
305812,G007
229269,G006
103652,G006
305793,G007
305793,G014
267409,G017
267409,G013
78289,G004
78289,G007
318752,G017
318752,G007
264447,G007
264447,G014
267484,G017
267484,G013
270691,G001
270691,G002
270691,G009
270691,G015
187405,G007
294871,G005
294871,G001
294871,G017
266779,G004
266779,G007
266779,G014
197294,G006
282328,G004
282328,G014
107733,G012
107733,G008
146714,G007
146714,G010
319601,G012
76437,G007
76437,G018
265198,G017
265198,G007
265198,G013
267226,G017
267226,G011
108636,G007
108636,G001
108636,G018
265525,G004
108709,G007
108709,G009
108709,G014
283455,G007
283455,G014
283446,G014
283446,G007
42304,G007
42304,G012
42304,G014
32522,G004
202147,G015
202147,G003
202147,G002
160127,G017
160127,G001
269755,G007
269755,G017
140375,G014
140375,G007
140629,G004
140629,G014
291008,G007
63550,G007
63550,G004
307150,G011
281296,G003
281296,G007
184647,G004
141893,G007
159702,G005
295636,G017
304320,G007
203242,G006
111928,G017
111928,G007
111928,G005
154505,G007
317613,G004
262189,G006
112516,G011
260579,G011
260579,G017
260579,G004
1562724,G014
1562724,G001
557499,G003
557499,G008
554140,G007
980660,G007
556379,G007
968178,G014
968178,G004
980635,G007
980635,G017
980629,G007
967675,G015
967675,G013
967797,G008
980939,G007
1562070,G007
1562070,G001
556134,G013
557059,G010
557059,G018
538035,G003
539591,G009
539591,G014
554524,G008
554524,G007
1550994,G014
1550994,G008
1550994,G007
554989,G017
554989,G007
556861,G008
556861,G004
980380,G007
543817,G006
543830,G014
548572,G003
548572,G002
1263432,G008
1263432,G007
977150,G012
977150,G007
548707,G007
977097,G007
544248,G006
973529,G014
543071,G007
977559,G012
977559,G006
549362,G003
549361,G003
549649,G009
549649,G007
549649,G004
548871,G009
224709,G004
972729,G001
972729,G013
972729,G009
221462,G018
221462,G007
221462,G001
543317,G007
974917,G004
545765,G004
546118,G012
546118,G006
546095,G007
546095,G017
545578,G007
546275,G003
546275,G015
975523,G006
547303,G007
547303,G001
547360,G006
547360,G012
544387,G007
544387,G014
547695,G014
547695,G007
544425,G004
974595,G007
546934,G007
974551,G013
547209,G007
547209,G004
544745,G006
544745,G012
1261429,G009
552710,G007
540721,G007
540721,G014
226543,G006
226543,G007
978919,G009
541060,G007
552373,G014
552373,G007
552266,G016
552266,G007
552266,G011
552266,G017
553666,G007
979688,G003
553821,G007
553821,G008
979412,G017
979412,G013
540550,G007
540550,G018
971794,G007
550504,G003
550495,G007
550495,G017
550556,G006
977912,G005
1554158,G007
1554158,G009
1554277,G012
1554239,G012
219895,G011
219895,G017
219895,G007
541408,G007
550942,G006
225880,G008
225880,G007
585843,G007
585843,G017
585843,G013
945724,G001
945724,G015
945777,G007
1529665,G007
943403,G007
943344,G009
943344,G002
589763,G007
942871,G006
942871,G012
589209,G003
589209,G001
589209,G002
589209,G015
589378,G006
200986,G007
200986,G014
944438,G007
944496,G007
587584,G007
1534258,G006
949627,G006
947039,G014
583591,G007
946598,G014
946598,G007
584171,G002
63426,G007
63426,G014
946847,G007
583287,G007
596753,G014
596753,G007
596559,G004
596559,G001
596440,G007
597243,G005
597243,G015
597243,G013
597275,G007
597275,G010
937033,G007
937033,G014
938458,G005
938454,G007
938454,G001
1524000,G008
1524000,G007
938814,G006
596176,G007
938092,G007
938092,G014
938118,G006
599114,G006
599114,G004
936092,G003
936092,G011
936092,G007
1520801,G007
599360,G007
597924,G007
65201,G007
65201,G009
65201,G014
598538,G014
598538,G008
598628,G007
598628,G014
598257,G003
591360,G004
592535,G004
592535,G007
592548,G007
942342,G001
199315,G014
199315,G007
590305,G009
590305,G008
590305,G004
590011,G006
590011,G012
1527489,G007
1286943,G007
1286943,G004
1527488,G007
939827,G001
939827,G005
939788,G014
197313,G006
197308,G006
593866,G012
197299,G006
594779,G011
939068,G006
939068,G012
594427,G004
594427,G011
197844,G007
197844,G005
593050,G007
579603,G004
579603,G002
565304,G014
565304,G007
565327,G003
565327,G010
60812,G007
60812,G014
60812,G017
563998,G003
960794,G007
960794,G014
564280,G003
564284,G003
564285,G003
564285,G015
564285,G007
564291,G003
564291,G002
564291,G009
567958,G009
567958,G004
567958,G014
567844,G013
567844,G007
957996,G007
959326,G014
959326,G012
959434,G007
566369,G015
566369,G009
566369,G008
567322,G007
567322,G016
559862,G006
964291,G007
964638,G006
560210,G014
965503,G014
965503,G004
558724,G001
558724,G010
558724,G018
965643,G009
965643,G001
961589,G007
961882,G003
963272,G001
963272,G009
963263,G007
963263,G013
963263,G005
561210,G007
561219,G003
561219,G002
561219,G001
561432,G003
561432,G009
560894,G011
560894,G017
215196,G004
215196,G009
963518,G006
962660,G007
962660,G010
575646,G006
575646,G007
575646,G010
575871,G007
952922,G008
952922,G007
952090,G013
952090,G014
952090,G009
574939,G007
578949,G004
578949,G014
578473,G014
578473,G004
951010,G014
579271,G007
579271,G001
579271,G018
206392,G012
951547,G001
951547,G009
951547,G002
578120,G003
578120,G008
206170,G007
956733,G007
956722,G006
1540604,G006
570541,G007
570541,G014
956793,G007
571306,G007
569137,G007
569158,G017
569173,G007
569191,G014
569191,G007
569191,G004
569430,G010
569430,G007
211395,G017
211395,G007
569017,G007
569017,G004
569017,G014
957118,G005
957118,G017
569548,G007
957216,G007
957248,G004
957191,G014
957191,G009
957191,G001
954777,G012
573819,G006
573368,G008
573368,G007
573368,G015
573566,G003
955785,G007
955785,G004
209929,G006
209929,G002
1601273,G016
258443,G007
258439,G007
258439,G010
258334,G004
258334,G005
258334,G007
479208,G014
479208,G007
1023943,G001
1023943,G002
1023943,G009
1023943,G013
1023943,G017
479227,G007
479227,G001
1023281,G007
1023281,G010
1023281,G014
1023113,G004
478079,G008
478079,G004
478079,G014
46962,G007
46962,G014
1024656,G003
478197,G007
1025025,G007
477656,G014
477656,G007
477670,G006
478640,G007
478640,G008
1024365,G003
478569,G004
478569,G005
478274,G004
478274,G014
482215,G014
482215,G007
482209,G007
482209,G010
1021676,G001
1021676,G007
482291,G007
1021733,G007
481885,G014
481885,G007
1022073,G006
482007,G014
482007,G007
482008,G014
482008,G007
482036,G014
482036,G007
1023083,G016
256458,G007
256518,G001
256518,G002
482584,G017
482584,G007
482584,G014
482592,G007
482592,G014
480512,G006
1023076,G012
481539,G015
481539,G004
481538,G006
481431,G004
1027467,G014
1027467,G009
1027467,G007
260550,G007
1027502,G007
474274,G007
474274,G004
472915,G017
472915,G007
1028318,G003
1028318,G009
1028318,G002
473162,G007
1027889,G007
260123,G015
260123,G004
1025724,G006
1025724,G012
476945,G006
1025825,G007
1025825,G009
1025825,G014
477406,G014
1025259,G001
1025259,G007
1025259,G002
477525,G007
477188,G017
475594,G008
475594,G007
475639,G007
475639,G014
475639,G010
1026804,G004
1026669,G004
475274,G007
1026746,G001
1026746,G009
1026746,G014
475812,G014
1016042,G014
1016037,G014
1016097,G014
1016113,G014
489969,G007
489969,G013
253657,G004
490038,G007
490038,G004
1016270,G013
1016270,G005
1016270,G007
490059,G004
1016297,G014
1016026,G014
1015959,G014
1015972,G014
1015983,G014
1016021,G014
1016018,G014
1016013,G014
1016012,G014
1016000,G007
1015998,G014
1017081,G013
1017081,G007
1017081,G005
1017081,G017
1017173,G003
489082,G007
489082,G014
489082,G004
488908,G014
488908,G004
488932,G004
488932,G009
488932,G014
488568,G012
488568,G007
488707,G014
488707,G007
488719,G012
488719,G003
488719,G007
1016639,G007
1016639,G001
1016639,G009
1016639,G017
1016639,G002
489785,G007
1016737,G011
1016737,G007
489333,G007
489333,G004
489313,G007
489296,G007
489299,G007
489301,G007
489306,G007
493125,G007
493125,G014
1232226,G014
1014436,G002
1014436,G004
1014436,G005
1014436,G006
1014436,G007
1014436,G008
1014436,G011
1014436,G012
1014436,G013
1014436,G019
1014436,G014
1013780,G012
1013780,G006
493534,G007
493534,G004
1014003,G007
1014003,G001
493382,G001
493405,G007
491513,G006
491513,G007
491243,G007
1014726,G007
492455,G007
492455,G014
492457,G007
492457,G001
484997,G009
484997,G001
484997,G004
485518,G007
485469,G007
485469,G014
485172,G009
485172,G007
1019603,G004
485289,G006
1019659,G007
256154,G004
256154,G014
256135,G006
483227,G006
483313,G007
484285,G002
484285,G007
255964,G007
255964,G014
255960,G007
484366,G007
488349,G005
488349,G017
488072,G017
488072,G013
487940,G017
487940,G007
487940,G005
487980,G004
487980,G014
486232,G006
486349,G007
486349,G013
486349,G005
1018270,G014
1018505,G004
486596,G007
1018565,G017
1018565,G013
1018565,G007
1018548,G001
486814,G007
486675,G004
266658,G015
266658,G007
266658,G009
458903,G007
1214710,G014
458844,G006
459835,G003
459874,G003
459711,G007
1037223,G007
1037223,G010
1037223,G014
1037223,G009
457906,G007
1038198,G006
1038198,G012
457471,G017
457471,G011
266781,G006
459987,G015
459987,G003
459987,G007
461835,G007
265310,G007
265508,G003
460448,G014
460448,G007
460515,G007
460515,G005
265810,G007
265810,G014
265812,G003
265812,G004
265812,G010
1040642,G012
1040642,G006
1040790,G007
1040790,G008
42330,G003
42330,G009
42330,G002
1040831,G007
1040831,G008
269021,G003
269021,G002
269021,G008
269021,G009
1040851,G007
1040394,G007
1040433,G007
1041469,G007
269520,G004
452726,G007
453719,G009
453361,G007
456908,G017
456908,G014
456908,G007
456911,G012
1039016,G007
456456,G007
267404,G004
1213794,G006
1213800,G006
1038900,G007
1038900,G014
1038943,G007
1038943,G008
1038862,G007
1039950,G014
455421,G006
1212729,G001
1212729,G002
1212729,G004
1212729,G009
1212729,G014
1212729,G005
456070,G011
456070,G013
1039470,G003
1030873,G002
1030873,G007
1030873,G009
1030873,G013
467750,G007
467865,G014
467865,G007
263033,G004
263033,G007
468611,G014
468611,G004
468611,G009
1031185,G007
468785,G006
471909,G007
471909,G005
472012,G006
470255,G006
470386,G006
1030131,G001
471112,G012
1034277,G012
1034275,G007
464026,G007
464026,G014
464902,G004
464902,G003
464902,G007
464906,G007
464906,G017
464482,G007
1034960,G012
462997,G006
462997,G012
1216863,G004
463100,G006
463077,G007
264718,G011
463299,G006
1034723,G003
1034723,G008
1034723,G009
45018,G001
45018,G004
466973,G006
466730,G017
467641,G007
263330,G007
263250,G017
263250,G011
263250,G013
465566,G007
465566,G014
465603,G014
465603,G007
465606,G014
465606,G007
466390,G006
1032722,G007
465988,G007
465992,G007
523006,G007
992824,G014
523188,G007
523202,G001
523202,G004
523202,G009
523202,G011
522917,G007
522917,G004
523785,G004
523785,G014
523785,G015
523558,G013
523558,G006
1572715,G007
1572715,G012
1248398,G001
1248398,G018
1248398,G007
1248398,G010
1248465,G001
1248465,G005
990783,G007
990783,G009
990610,G007
990610,G004
989845,G006
527023,G007
989748,G006
1569855,G007
526620,G004
526620,G007
524435,G004
524997,G009
524997,G007
524881,G006
525139,G001
525139,G002
525139,G009
525131,G001
525131,G002
525131,G009
525140,G001
525140,G002
525140,G009
525141,G001
525141,G002
525141,G009
525155,G007
525155,G014
517367,G006
996356,G007
1576561,G001
1576561,G002
1576561,G009
1576818,G007
1576818,G014
1245030,G006
997308,G007
997308,G017
516657,G001
997204,G009
516782,G007
516782,G014
516782,G012
519954,G001
519954,G017
519954,G007
994247,G007
521122,G006
994434,G007
994434,G017
994434,G011
520929,G010
520929,G007
518659,G006
518851,G006
995612,G014
1255082,G006
534571,G011
985367,G007
1563067,G007
1563067,G001
535638,G007
535651,G007
535256,G017
988287,G007
988287,G004
988289,G007
988289,G005
988289,G017
1252499,G014
987577,G009
987577,G011
987577,G007
1569169,G007
1569108,G013
1569108,G017
1569272,G007
1569229,G007
528447,G007
528448,G007
528453,G007
528377,G007
528374,G005
528374,G007
528167,G014
528168,G007
528141,G007
528141,G014
531549,G003
531714,G004
986498,G007
986498,G009
530999,G006
530815,G007
530815,G014
530815,G004
1008218,G006
502237,G007
502237,G014
501658,G013
501658,G005
501700,G007
500035,G007
500035,G016
1236176,G014
500090,G001
500090,G007
500090,G014
500090,G016
499675,G012
499675,G006
1009413,G007
1009402,G001
1009402,G002
1009402,G009
1587865,G003
1587865,G007
500908,G007
1009099,G001
1009099,G005
1009006,G006
500525,G014
503913,G006
1006423,G001
1006423,G018
1006097,G012
245444,G006
1007472,G014
1007472,G004
502758,G006
1007420,G007
246942,G009
246942,G014
246942,G001
503478,G007
503622,G007
503121,G002
503121,G003
495846,G007
495979,G014
495695,G006
50261,G004
50261,G014
50261,G008
496641,G007
496641,G004
251172,G004
251172,G014
251172,G007
494488,G007
493892,G006
494001,G011
50150,G007
50150,G001
495195,G011
495195,G017
495127,G007
494817,G003
494817,G007
494817,G002
494817,G009
494817,G004
494819,G018
494819,G007
1235426,G014
1235426,G004
499500,G006
498888,G007
498888,G014
1010080,G009
1010080,G007
1010080,G011
1011451,G007
497823,G006
498050,G014
497631,G007
511876,G004
1242606,G014
240683,G006
512290,G006
240763,G004
240763,G014
240763,G005
510744,G007
510688,G012
52422,G011
52422,G015
510632,G005
510632,G007
511361,G014
511092,G007
511092,G004
511092,G001
1244318,G003
1244318,G001
1244318,G009
514953,G007
515593,G018
1577085,G007
515811,G006
515765,G017
240153,G013
240153,G007
240153,G014
999824,G004
999881,G006
999429,G015
506728,G001
506728,G004
506728,G007
506728,G002
506728,G015
244131,G006
244131,G016
1583243,G002
1583243,G007
1583243,G009
506549,G007
506549,G014
1240155,G007
507339,G011
507329,G007
51798,G014
51798,G004
505330,G011
1005533,G014
1005533,G004
505283,G014
505283,G007
506089,G006
505778,G003
509526,G014
509526,G007
1241179,G014
509197,G012
509197,G006
510019,G006
1002420,G004
1003844,G006
1003844,G007
508764,G014
508774,G007
508774,G008
1003029,G007
1003029,G004
1003346,G007
1003346,G008
722421,G014
722421,G007
723832,G007
721481,G001
721481,G009
721481,G004
721744,G001
721744,G004
721744,G009
726139,G017
726139,G001
831225,G001
831585,G006
832919,G001
831933,G006
831907,G006
127203,G004
725454,G007
1436352,G006
1436352,G018
1436352,G010
1436352,G001
832279,G007
724881,G012
724881,G007
717161,G001
717161,G004
716691,G004
716882,G006
716890,G015
716890,G007
716892,G001
716903,G003
717712,G011
717712,G004
837578,G014
837578,G004
837578,G007
715819,G012
715819,G006
1357951,G007
715279,G014
838655,G012
838655,G006
716605,G014
716637,G006
716191,G001
719954,G003
719954,G015
719954,G001
835667,G005
835667,G007
720145,G001
720145,G009
719457,G014
718541,G015
718541,G007
718577,G007
718596,G007
837128,G014
718170,G014
836539,G001
836539,G004
836539,G009
719317,G007
719355,G004
719361,G004
718871,G014
129534,G014
719098,G014
719098,G007
719128,G014
719128,G007
734917,G003
734917,G006
734917,G007
734917,G009
734927,G007
1429473,G006
1429473,G011
1429473,G007
736091,G007
736091,G014
735483,G001
735483,G009
823929,G007
823929,G017
823929,G013
825802,G007
825002,G017
825002,G002
825071,G014
825071,G009
825071,G015
825071,G007
734367,G007
734367,G014
733726,G007
733726,G014
821992,G014
821992,G004
738767,G006
822302,G007
736764,G014
822311,G006
737018,G007
737018,G014
737057,G007
737057,G014
729008,G007
729164,G001
729164,G002
729164,G008
729164,G003
729164,G009
729106,G007
729106,G014
829373,G010
829373,G001
829373,G004
829373,G014
728693,G007
728693,G004
728693,G014
729551,G001
125939,G006
125939,G004
727627,G007
727627,G009
727627,G011
727627,G012
727209,G007
727209,G014
830420,G017
830420,G011
830420,G013
1434758,G007
1434192,G012
728420,G007
727885,G004
731809,G007
731809,G014
731950,G007
731950,G014
1432009,G006
1431983,G006
826954,G007
730175,G006
730165,G007
730165,G012
731159,G007
731159,G014
730849,G007
730849,G014
1432493,G007
731034,G006
700922,G009
700922,G015
700922,G017
700253,G006
700265,G014
700267,G014
850520,G006
700566,G014
700563,G014
1452548,G003
849900,G004
699172,G014
80641,G018
851714,G007
852022,G006
700186,G014
700199,G014
851399,G007
848157,G007
848157,G015
704014,G007
704014,G006
704606,G001
704609,G001
704609,G004
704609,G009
704611,G001
847753,G006
704137,G005
704137,G001
704139,G007
704139,G015
704408,G014
701667,G009
701667,G002
702912,G006
703120,G014
848779,G007
848784,G006
702586,G014
702586,G007
702556,G006
694197,G001
694197,G002
694197,G007
694197,G014
855488,G007
694940,G007
694940,G014
694973,G004
694973,G013
694973,G014
694973,G007
694927,G007
694927,G004
854684,G014
854684,G007
854676,G004
854670,G014
854670,G007
854687,G014
695054,G006
692573,G001
856560,G001
856560,G015
692454,G014
857063,G014
857063,G004
857063,G007
697251,G014
697352,G003
137349,G014
137349,G004
697358,G007
697358,G008
853281,G008
853281,G007
852358,G007
852358,G014
852319,G007
852319,G014
697780,G007
695675,G001
695906,G014
696385,G006
696026,G007
696026,G014
712927,G007
712927,G009
712927,G001
841411,G007
841411,G009
842683,G007
843074,G003
843074,G002
712083,G006
711644,G014
711642,G014
711570,G004
711570,G007
711570,G014
711623,G004
714132,G001
714132,G004
840538,G004
840538,G011
840524,G001
714005,G007
839919,G004
839919,G008
714687,G001
714687,G015
840013,G001
840013,G007
840013,G013
840013,G012
713101,G007
713101,G004
713101,G014
713607,G014
846017,G001
846017,G009
846017,G011
706903,G001
706903,G009
706904,G001
706904,G009
706750,G005
706750,G001
706750,G007
845720,G012
707162,G007
707172,G007
134002,G007
134002,G008
845569,G007
705343,G001
705343,G002
705343,G004
705343,G009
705329,G009
705329,G001
705329,G002
134770,G010
134770,G007
706063,G006
706176,G007
705985,G015
705985,G014
846519,G007
846519,G001
846519,G013
705958,G006
705958,G007
843777,G014
843777,G007
709925,G001
709925,G005
133146,G004
133146,G014
133240,G006
843996,G007
133028,G007
843118,G001
132946,G007
132946,G017
843161,G007
843161,G014
843160,G007
710224,G001
710224,G013
710224,G018
1446446,G001
1446446,G018
708580,G007
708580,G001
844861,G007
845223,G007
845293,G001
845293,G017
708982,G006
797441,G007
797695,G014
797695,G004
768671,G007
768671,G013
1386672,G001
768851,G007
95895,G007
95895,G004
766748,G009
766748,G017
766371,G007
766422,G006
767756,G014
795389,G017
795389,G001
795389,G007
108613,G011
108613,G017
108360,G007
108357,G006
770145,G007
769602,G006
770828,G014
770828,G009
770828,G010
796218,G006
802726,G014
762575,G006
762583,G006
762587,G003
762587,G017
762587,G011
803057,G007
803052,G004
803052,G003
803052,G001
803049,G004
803049,G003
762142,G004
762142,G007
803000,G006
762059,G001
762059,G015
762059,G002
762059,G013
762056,G014
802813,G006
762204,G004
762204,G008
762204,G012
802113,G001
763309,G003
763509,G007
763509,G012
1383610,G010
1383610,G007
761294,G007
761294,G013
761294,G009
761405,G009
803650,G001
803650,G007
761452,G006
763571,G004
800446,G001
800446,G009
766039,G012
766039,G006
799718,G001
766139,G001
766139,G007
1408330,G012
1408330,G001
1408330,G007
110951,G007
801525,G007
763841,G007
763841,G014
801225,G001
801225,G009
764965,G004
764965,G014
764965,G009
788351,G004
788351,G014
1393145,G003
1393145,G002
1393145,G009
780741,G001
780350,G003
780350,G010
780350,G018
1398725,G003
1398725,G001
1398725,G015
1398725,G002
780265,G002
780265,G009
780265,G008
100284,G007
781033,G005
781040,G002
781040,G015
781040,G009
781040,G013
781040,G007
781106,G001
789765,G011
779164,G010
779164,G001
779164,G003
779164,G018
103273,G007
103273,G013
789655,G006
789650,G006
789645,G006
778639,G007
778639,G006
778807,G009
778807,G013
103442,G007
778689,G009
779462,G007
779462,G014
783836,G014
783836,G009
783836,G004
783365,G007
783365,G014
786205,G017
786205,G013
785194,G007
101600,G006
101600,G007
785238,G007
784977,G003
784977,G002
784825,G012
784825,G006
785506,G001
782480,G011
102628,G007
102628,G004
787477,G007
787260,G007
787260,G014
783121,G001
783129,G007
783143,G002
783143,G003
783143,G004
783164,G012
782835,G012
793605,G007
793602,G007
774043,G006
774043,G012
793712,G001
793712,G005
793712,G002
795058,G007
773184,G007
773079,G001
777311,G015
790952,G012
790952,G006
791355,G006
790325,G001
790325,G014
790396,G002
790396,G007
790396,G018
790396,G008
790396,G014
792320,G007
792320,G014
775643,G003
775643,G006
792257,G012
792245,G007
792245,G013
792245,G016
792631,G016
792631,G004
792631,G014
792631,G007
792756,G003
792756,G001
776734,G017
776734,G011
776734,G002
776290,G007
776290,G004
745991,G007
746028,G007
745921,G014
745264,G008
745264,G005
745264,G007
745173,G014
745173,G007
745205,G014
745236,G003
745323,G007
745323,G014
745549,G007
745549,G014
814679,G007
814650,G007
814628,G007
814628,G004
814626,G006
746656,G007
741055,G014
819534,G002
819534,G001
819534,G009
741293,G006
741306,G006
740581,G001
740581,G007
740824,G014
741807,G006
741680,G015
741680,G004
741680,G014
1372474,G012
820625,G001
820625,G005
739176,G007
740270,G001
740270,G007
740289,G001
740289,G007
740290,G001
740290,G007
820039,G003
820039,G009
820039,G007
820039,G012
739935,G015
739935,G007
739806,G007
744325,G007
744366,G014
744881,G006
816622,G004
816622,G001
816622,G009
816622,G013
744670,G014
744670,G007
742737,G012
742737,G002
742737,G007
742740,G014
742740,G007
742741,G012
743389,G005
743389,G013
743328,G014
743328,G004
743478,G007
119628,G001
743209,G007
806974,G012
806974,G006
756951,G012
114130,G014
755395,G012
755395,G006
755103,G007
755143,G007
756199,G006
759875,G007
805054,G007
805048,G007
804356,G009
804351,G012
804351,G006
760510,G003
804611,G006
757905,G015
757905,G009
806766,G001
806766,G014
806766,G004
806746,G007
806746,G001
757830,G004
757830,G005
757830,G007
812287,G007
90629,G017
90629,G011
813414,G018
813414,G010
748709,G007
750143,G011
750143,G007
750144,G008
750144,G003
750049,G013
1376257,G006
809677,G006
91837,G003
809219,G003
809219,G009
754407,G006
115149,G007
809267,G001
115064,G006
754215,G003
754215,G007
754220,G007
752491,G003
810695,G002
811105,G006
752933,G007
752933,G014
752611,G007
810456,G007
810548,G004
810509,G007
810509,G004
629913,G014
629913,G007
629921,G014
629931,G001
629931,G005
629931,G017
630017,G002
630017,G007
630017,G014
911978,G009
911978,G002
629475,G003
629792,G014
629655,G012
629667,G012
630215,G007
630215,G008
630161,G014
630161,G004
630421,G007
628060,G006
913196,G009
629273,G003
629273,G009
629273,G007
629273,G014
1498347,G013
1498347,G012
1498347,G003
1498347,G009
633716,G007
633716,G013
633716,G014
633355,G007
633355,G001
631324,G007
910762,G015
910762,G001
910775,G007
910775,G001
630911,G007
630911,G014
631158,G017
631716,G014
631716,G007
1498930,G007
1498930,G008
1498930,G010
1498930,G018
1504205,G009
1504205,G007
1504205,G002
1504205,G011
1305522,G006
1305522,G007
917089,G007
917089,G005
623624,G007
182525,G012
182525,G007
916619,G001
916619,G007
916541,G004
916541,G007
627253,G014
627253,G007
914208,G007
914208,G004
913979,G007
913979,G008
626914,G014
627633,G007
627633,G014
625517,G007
1503245,G007
1502635,G009
1502635,G012
1502635,G002
1502635,G007
897516,G012
640901,G007
640901,G014
640789,G007
896421,G017
896421,G013
896421,G002
641940,G005
641940,G017
641384,G007
898415,G007
639453,G014
639453,G007
639844,G009
639271,G004
639198,G007
898495,G007
897617,G012
897617,G007
640500,G007
897652,G012
897652,G007
643613,G006
644650,G001
894475,G001
894475,G009
894441,G004
644538,G005
644538,G007
644864,G007
644502,G003
644513,G003
895870,G007
643267,G014
895570,G001
895570,G017
636283,G003
636297,G007
636297,G008
635869,G007
635825,G003
635825,G001
635825,G004
901323,G003
901312,G007
901312,G014
901121,G007
901121,G004
634294,G003
634294,G007
903907,G002
903907,G009
1312421,G017
1312421,G011
634797,G017
899365,G007
899365,G004
899365,G005
638395,G004
638395,G007
899199,G007
638427,G007
638373,G004
638373,G007
638373,G014
638820,G015
638774,G006
900388,G009
637676,G007
900037,G007
607397,G014
928733,G007
608136,G012
608136,G006
608321,G007
608321,G008
608321,G013
608323,G008
608323,G009
929053,G009
607807,G007
607807,G001
930727,G006
606915,G007
606795,G007
606795,G014
930040,G007
930016,G007
927288,G006
927128,G007
927128,G001
926999,G003
928400,G005
928400,G017
928400,G013
608940,G006
66727,G004
609382,G003
609382,G009
609382,G002
609437,G009
609437,G002
609437,G001
609157,G003
601881,G006
601993,G014
601676,G006
601665,G007
601611,G007
602648,G004
602648,G002
193181,G006
600343,G007
600343,G014
600344,G007
600496,G013
600496,G005
600143,G006
601150,G007
600711,G006
600711,G005
600709,G006
934643,G007
931842,G004
604520,G012
603307,G006
603501,G003
603501,G002
603961,G011
603961,G017
603970,G001
931885,G007
932398,G014
932398,G004
603884,G007
603884,G014
618846,G014
618846,G007
618959,G004
618959,G014
920342,G015
920371,G007
1507267,G014
1507267,G007
617569,G007
921399,G007
185537,G007
185537,G014
921705,G006
921674,G014
921674,G013
618184,G001
618184,G009
618191,G004
618191,G014
921001,G014
921001,G001
921001,G004
921061,G009
1304818,G008
1304818,G007
621726,G005
621726,G013
621726,G017
917319,G014
622812,G010
622812,G018
622772,G003
622772,G008
1506993,G003
1506993,G013
1506993,G007
620018,G007
620018,G008
619895,G001
619895,G002
619895,G004
620205,G007
620205,G010
620205,G018
918311,G014
918300,G004
1511853,G007
1511853,G014
925280,G014
612969,G007
612969,G017
613663,G007
613663,G004
924526,G007
611722,G007
611722,G011
611722,G013
611722,G017
926118,G005
926118,G007
926118,G001
926182,G007
926182,G014
926069,G007
926069,G004
925548,G011
925548,G002
925548,G017
925548,G007
925686,G006
925681,G012
612577,G006
611992,G012
611992,G006
922975,G009
922909,G007
922299,G006
922299,G002
186131,G007
614401,G001
614401,G009
614669,G001
614669,G011
614669,G013
614669,G017
924026,G004
924026,G014
615143,G009
923622,G007
1510470,G001
1510470,G011
1510470,G004
1510470,G017
1510470,G010
675793,G006
675841,G014
675314,G014
675314,G004
154031,G007
674242,G006
872538,G012
872614,G001
872614,G009
674845,G006
871726,G003
871726,G009
871726,G002
872086,G009
872086,G004
872086,G008
872176,G007
674671,G006
869404,G003
146109,G004
146109,G014
146083,G007
678813,G006
678813,G012
869102,G007
869102,G001
869163,G002
869163,G001
869163,G009
869163,G017
869160,G001
677137,G007
677118,G007
77503,G014
77503,G007
677779,G007
677779,G018
677779,G010
148728,G007
149730,G007
669638,G004
669638,G002
669294,G014
669569,G001
669569,G003
669569,G004
669569,G009
669569,G014
76433,G007
76337,G012
876567,G016
876567,G003
876567,G002
876567,G009
668574,G001
668574,G018
668574,G005
75933,G006
873685,G007
873685,G014
672482,G007
672482,G014
673506,G003
673413,G014
673709,G007
874524,G015
874524,G013
671172,G012
671172,G009
874847,G004
874847,G014
671088,G009
671088,G017
76522,G001
76522,G017
155603,G007
155603,G013
672104,G006
672187,G006
671819,G012
687317,G001
687317,G002
687317,G009
688304,G014
688325,G001
688325,G007
860314,G014
687655,G009
687655,G014
687655,G013
687805,G004
687805,G009
687805,G011
687998,G003
687998,G002
687998,G009
860308,G007
860308,G014
685774,G014
862171,G001
686901,G003
686901,G002
686901,G004
686911,G007
686305,G007
686305,G014
686326,G003
686326,G007
141242,G001
141242,G004
141242,G007
857998,G007
690880,G001
690880,G011
691658,G004
691570,G006
691572,G007
688922,G001
688922,G002
688922,G009
1460224,G005
1460224,G017
1460224,G007
688876,G014
859612,G014
689495,G001
689495,G017
689426,G007
858877,G001
858877,G005
689760,G014
689760,G012
864690,G014
864690,G013
864690,G017
864690,G002
865124,G001
865083,G014
865083,G007
145501,G007
145501,G013
680715,G014
680725,G004
680725,G008
680725,G009
680049,G007
680049,G015
679927,G001
679927,G007
679927,G013
679927,G014
866558,G006
866558,G012
1337733,G007
864667,G003
862605,G006
685092,G014
862766,G006
684793,G001
684793,G005
862774,G014
682821,G013
682821,G005
682854,G007
682708,G014
864612,G007
864612,G008
864596,G008
864596,G007
864596,G002
683118,G009
653131,G004
653131,G014
73432,G006
73432,G007
652628,G005
652628,G007
652628,G014
652586,G006
888265,G017
653791,G001
653990,G005
653990,G007
653990,G013
887830,G004
887865,G014
651508,G004
889223,G005
889223,G007
888584,G007
888584,G009
888689,G014
652374,G008
652374,G004
1484873,G012
1484891,G012
655886,G001
655886,G017
73783,G003
73785,G003
885334,G015
885143,G006
885137,G002
885137,G013
1481593,G007
885207,G014
885207,G009
885207,G004
656247,G007
656247,G008
656273,G014
656278,G007
656278,G014
886926,G014
886926,G001
886926,G007
886991,G007
886991,G004
886989,G001
886989,G004
654652,G012
886773,G014
886773,G007
886750,G007
886750,G009
654747,G003
654747,G002
654747,G001
654747,G017
654747,G009
654650,G007
886887,G007
886887,G019
886856,G007
886856,G012
654245,G006
654245,G007
886416,G013
886416,G007
655254,G006
1482772,G007
1482772,G006
1482772,G004
892565,G017
892565,G009
647118,G007
647118,G014
891759,G014
891759,G007
891896,G013
891896,G007
892222,G014
893057,G006
646249,G001
646249,G009
645717,G004
891756,G007
891756,G009
649987,G012
649999,G004
649999,G007
649999,G014
649925,G001
649925,G005
890648,G007
649732,G012
649732,G008
890042,G014
890042,G007
889902,G005
889902,G007
889902,G015
648749,G001
648749,G009
648233,G007
648436,G007
648436,G008
649343,G019
649343,G002
649343,G007
649159,G006
879910,G003
879910,G004
665257,G007
665257,G013
879446,G003
664809,G001
664809,G014
664799,G014
663947,G006
663120,G004
880754,G003
880754,G009
880754,G002
662702,G014
880526,G007
880526,G001
880526,G018
877646,G007
877646,G001
877646,G005
160107,G017
160107,G007
666821,G003
666749,G011
666749,G013
666749,G017
666749,G014
666950,G014
877434,G006
877208,G007
667885,G011
667885,G017
667885,G013
667523,G004
667523,G014
667529,G005
877429,G007
877429,G014
877315,G007
877301,G007
878703,G007
878703,G014
665864,G011
878611,G001
878611,G013
878611,G009
665404,G007
665404,G005
665404,G004
665641,G004
665641,G007
666609,G001
75519,G009
75519,G001
75519,G002
75519,G004
1330284,G012
1330284,G006
659059,G004
658697,G014
659292,G012
884741,G014
884892,G007
884892,G017
884892,G009
658233,G001
658233,G009
658239,G001
658210,G003
658210,G007
884490,G012
884490,G009
884490,G014
884490,G011
884483,G012
658003,G001
658003,G014
658003,G009
881927,G007
881927,G010
661579,G007
661579,G001
661579,G005
661619,G014
661619,G004
74459,G014
74459,G007
661019,G007
661019,G014
662118,G011
662343,G007
662239,G014
881288,G007
881685,G009
881685,G002
881685,G001
662024,G007
662024,G014
660957,G007
882718,G004
660048,G001
660048,G004
660048,G009
882339,G004
660649,G014
660649,G009
660803,G007
660803,G014
660876,G006
660345,G006
417839,G002
417839,G007
1065879,G007
1116059,G007
417811,G006
1065932,G001
1065932,G007
1065932,G009
1116099,G014
1116099,G007
417909,G002
417909,G001
417909,G007
417909,G015
417973,G007
417973,G014
1153835,G004
417196,G004
417196,G007
417196,G014
417635,G006
417459,G006
1152982,G011
1152982,G017
418580,G007
418580,G014
418579,G014
282331,G007
1116595,G007
349541,G014
416043,G004
1154609,G001
1154609,G002
1154609,G009
1154609,G017
1154619,G017
415921,G007
349421,G014
349421,G007
415460,G006
415464,G006
415364,G014
415364,G001
415364,G004
416841,G007
416841,G001
1690096,G007
1690096,G012
1690096,G014
1066713,G014
1066713,G001
1066713,G004
348802,G014
348802,G007
1115645,G007
348562,G005
348562,G001
417005,G007
417005,G004
1115195,G001
1115195,G009
416322,G006
416335,G014
416335,G007
416550,G014
416542,G009
416542,G007
311116,G014
311116,G011
421228,G007
311178,G017
311178,G011
420657,G014
420657,G007
345464,G003
310948,G006
311086,G004
422032,G003
422032,G008
1118700,G012
310435,G007
310435,G014
1065266,G004
1117804,G001
1117804,G007
1117804,G009
420295,G007
420295,G003
1064294,G001
1064294,G017
1064294,G011
1064294,G002
1064294,G009
346171,G004
346171,G007
353964,G007
353964,G011
353964,G013
1111319,G006
353795,G007
353795,G004
1189501,G002
1189501,G004
1189495,G002
1189495,G004
1111727,G001
1071292,G012
353588,G014
353588,G007
353431,G004
410785,G014
353390,G007
353390,G010
1110303,G017
1110303,G013
408418,G014
286850,G006
1110394,G014
1110394,G004
355041,G007
355041,G014
1648275,G005
407997,G007
408320,G004
408320,G014
408320,G007
409370,G007
409370,G014
1157578,G005
1157578,G001
409332,G004
1647489,G007
1110801,G007
1110801,G004
1110801,G014
354798,G006
408855,G007
408851,G001
408851,G007
409166,G014
409166,G007
1647713,G006
413971,G004
413971,G014
351078,G014
414230,G007
1113333,G012
413492,G011
308929,G007
413371,G007
1068925,G006
1068925,G012
1113932,G001
1113932,G002
415171,G007
415166,G007
415162,G006
415161,G008
415161,G007
414970,G007
1114115,G001
1114115,G011
1068414,G012
414608,G003
414626,G007
414626,G004
414626,G014
1068333,G001
308926,G007
412073,G007
1112088,G001
1112088,G015
411634,G007
1646209,G006
411842,G017
411842,G011
351909,G017
351909,G001
351909,G002
351909,G010
308899,G004
308899,G001
308899,G014
308706,G007
314571,G007
431805,G006
1124669,G012
1056168,G014
1056168,G008
1124648,G007
1124648,G008
1146725,G007
314503,G006
432704,G007
432704,G014
1055698,G001
1055698,G007
1055698,G009
276484,G004
276484,G014
432966,G007
1055784,G001
1055784,G007
1124978,G004
1056010,G007
1632635,G006
313971,G014
429941,G012
429914,G004
429914,G008
1057421,G007
1057880,G014
1057880,G009
1057919,G007
1199666,G017
1199666,G011
1199663,G017
1199663,G009
1056771,G006
1056771,G012
314138,G004
314138,G014
1123983,G003
1057112,G001
1057112,G002
277397,G001
277397,G017
1144745,G011
1144745,G013
1144745,G017
1700379,G006
1700379,G012
1054399,G006
434677,G006
1144925,G001
1144925,G002
436136,G007
436136,G014
316337,G003
316337,G004
316337,G014
332993,G006
1125869,G017
1125869,G013
1125869,G007
433236,G006
433236,G010
1125461,G013
1125461,G004
314983,G017
314983,G007
335304,G007
335305,G014
1055342,G007
434235,G006
1054791,G007
1054791,G018
1054791,G001
334337,G007
334337,G004
276168,G011
276168,G004
1120524,G007
312172,G011
424833,G003
424833,G018
1061345,G001
424178,G009
424178,G007
341629,G007
425334,G007
425533,G014
1120803,G014
1120819,G014
1061112,G014
1120822,G014
1149719,G007
279453,G014
279453,G007
279453,G004
1062700,G017
1062700,G002
1062700,G001
422969,G007
1062483,G014
1062483,G007
1062931,G003
1062931,G010
1062931,G018
344072,G007
423739,G013
423739,G007
423308,G002
423308,G008
339534,G007
338781,G007
338781,G014
1148179,G012
339227,G006
339227,G007
339192,G006
428865,G004
428865,G014
426216,G004
426216,G007
426216,G014
426214,G007
426165,G007
426419,G004
425755,G005
278681,G007
339986,G010
339986,G006
339986,G004
340579,G007
340579,G009
1177556,G017
1177556,G013
388463,G007
1167327,G014
1167316,G014
1167299,G014
1167310,G014
293938,G004
1178020,G017
1178020,G001
1178020,G002
1178020,G013
1097582,G014
386874,G007
373034,G014
373034,G001
1087926,G009
1087926,G002
372109,G009
372109,G003
372109,G008
372644,G013
372327,G004
387833,G014
387833,G007
387825,G007
387825,G014
387822,G014
387822,G004
387819,G014
387819,G007
372259,G003
302660,G007
1084402,G007
1100271,G010
1100271,G007
367809,G007
367809,G015
1100909,G007
1083665,G001
1083665,G015
1083665,G017
393051,G003
369848,G007
369848,G009
369848,G014
369851,G007
369851,G014
369938,G007
369676,G006
1085542,G002
1085542,G013
391614,G007
293146,G017
293298,G018
293298,G010
1166701,G005
369460,G007
391427,G003
391423,G014
391409,G003
1084769,G007
1178932,G014
1178927,G006
1094486,G005
1094463,G014
1171032,G006
1171032,G007
382054,G007
1091369,G006
382036,G007
382116,G006
297132,G007
298829,G007
298829,G009
298829,G011
381791,G004
381791,G007
381629,G003
383040,G007
296783,G007
1173866,G015
1173866,G013
382481,G011
382481,G004
378913,G005
378913,G001
378913,G007
379016,G006
379986,G006
1092579,G007
1092579,G003
380104,G001
378763,G007
1092671,G008
379027,G004
379027,G014
1172261,G001
1172261,G002
298020,G014
298020,G007
298022,G006
1093017,G003
1093017,G002
1093017,G008
1173057,G012
1173054,G012
377968,G014
377968,G004
1173337,G001
1091875,G007
1173205,G012
1092331,G006
385257,G006
1088977,G005
374258,G004
374258,G001
374800,G006
385141,G014
300137,G003
300137,G006
385099,G004
386220,G007
386220,G005
373548,G004
386502,G008
386502,G003
386502,G004
1175882,G001
295284,G008
295284,G006
373857,G007
373857,G005
373857,G017
385961,G004
1663713,G006
1095531,G008
383548,G007
299793,G007
1174703,G006
1174703,G010
376187,G006
376171,G007
376012,G007
384779,G003
384779,G007
384779,G008
375500,G006
375448,G007
296131,G007
1095932,G003
1095932,G015
1095932,G001
402882,G007
402809,G003
402809,G002
402632,G014
402632,G007
1107055,G007
403910,G007
403910,G014
288477,G007
404007,G001
404007,G002
404007,G007
1107795,G017
1107795,G013
288609,G014
288609,G004
1076204,G014
1076204,G007
1106057,G007
401447,G007
401447,G004
1077578,G004
1078012,G004
1078012,G015
1078012,G003
1078012,G008
1078012,G002
1161706,G012
1105758,G001
1105758,G009
1106492,G007
1077236,G007
1106477,G003
1106782,G007
401700,G012
289301,G007
289301,G004
1077372,G007
307093,G007
356560,G004
356560,G003
356701,G014
356701,G007
287537,G017
287537,G005
287537,G007
356660,G011
1109157,G001
1187121,G004
1109239,G006
1158812,G001
1158812,G007
1158812,G018
287665,G007
287596,G007
306991,G006
1158422,G001
287181,G014
287181,G007
355941,G017
355941,G013
355941,G007
1158298,G006
1073336,G007
1073336,G014
1073345,G011
1073345,G013
1073345,G015
1073345,G017
1073345,G001
356278,G007
356278,G017
356278,G013
1648849,G006
1648878,G006
287336,G003
407202,G007
407202,G004
287770,G007
1108206,G017
1108206,G005
1108206,G007
1075672,G001
1075672,G002
1075672,G009
288397,G007
288403,G014
1075714,G007
405892,G004
405892,G007
405886,G004
405879,G001
405879,G004
405879,G002
405916,G017
306863,G001
306863,G005
306863,G007
1108457,G006
405026,G012
1108584,G007
357527,G004
357527,G007
396048,G004
396048,G014
396158,G014
396158,G007
1102342,G014
1102342,G007
1081990,G004
365538,G007
1102545,G006
1102545,G013
395837,G017
364546,G007
365069,G007
1163965,G014
1163965,G004
1163965,G007
1081118,G003
1081118,G008
364810,G004
364810,G007
1180508,G001
1180508,G009
1180508,G007
292023,G014
292023,G004
303193,G007
303193,G014
303191,G007
303191,G014
303186,G007
302979,G014
1180243,G002
393811,G007
393811,G008
1165250,G004
1165250,G003
1102281,G001
1102281,G009
1082470,G014
1082470,G008
394856,G007
394856,G013
394856,G014
1164814,G001
1164814,G004
362265,G003
399904,G014
1162216,G009
1162270,G004
304818,G006
304818,G012
362464,G007
362464,G008
400375,G003
361517,G009
361517,G014
361517,G004
361517,G007
361485,G002
361485,G007
361485,G010
361972,G007
400361,G006
400361,G010
400361,G002
1162092,G012
1162096,G012
1105212,G013
1105212,G001
1162086,G012
1103729,G015
397262,G008
1103560,G001
1103560,G005
398622,G001
398622,G002
1079536,G004
1079536,G014
1104387,G009
1104387,G017
1163037,G001
1163037,G013
1080042,G007
398337,G012
398222,G007
439923,G014
441309,G007
443677,G004
443677,G014
451674,G017
451674,G011
1628854,G004
270261,G001
270261,G017
270261,G009
270261,G014
270261,G013
272998,G007
536,G006
272447,G017
321449,G007
325512,G006
443587,G007
443587,G001
443587,G004
1042422,G009
1042422,G001
1042422,G004
319130,G012
319130,G007
1135883,G007
322874,G006
1128123,G001
1128123,G009
443838,G011
443838,G017
1129931,G007
1042211,G007
1129915,G004
1049514,G007
1049514,G017
1138510,G007
1138510,G001
1138510,G005
443808,G001
443808,G002
443808,G009
1042204,G007
321149,G007
1042166,G007
1042166,G008
448846,G004
448846,G007
448846,G014
446935,G004
446935,G013
1042183,G007
1042183,G001
1042196,G007
450610,G009
450610,G011
450636,G007
450636,G014
440068,G014
1043106,G017
1043106,G004
1138531,G001
1138531,G002
1138531,G009
449802,G007
322692,G007
1132942,G001
1132942,G007
1132942,G009
1050638,G001
1050638,G010
1050638,G019
1132930,G005
1132930,G007
1132935,G001
1132935,G009
1132935,G010
1132935,G014
439645,G007
322587,G017
322587,G011
322587,G007
322587,G014
1050646,G010
1050646,G007
1050656,G010
1050656,G018
323972,G013
323972,G007
1051817,G012
451149,G014
451149,G007
1137160,G004
1137160,G015
1137160,G011
331255,G003
1138773,G017
445907,G009
445907,G013
1042808,G003
1042808,G008
1042808,G012
450934,G011
450934,G013
445582,G014
1130935,G007
445588,G014
445588,G007
449628,G007
449628,G008
325492,G006
322499,G011
451398,G004
451398,G014
1135507,G006
327011,G015
327011,G001
271634,G004
271634,G001
331428,G003
323928,G003
323928,G004
274796,G006
322534,G011
1137018,G007
322537,G017
322537,G011
322529,G011
1137240,G001
1137240,G007
1137240,G014
447173,G006
1140269,G004
1140269,G014
332457,G006
327714,G010
327714,G006
442095,G004
444204,G014
444204,G017
444204,G007
446826,G006
446826,G003
446826,G008
1048824,G007
450216,G005
448646,G011
438984,G007
1142872,G001
1142872,G013
1142872,G009
1142872,G005
440313,G007
1141226,G012
1141226,G009
1141226,G007
1048808,G007
317222,G005
317222,G007
1140128,G006
1047413,G004
326076,G007
326076,G006
274457,G006
1048797,G007
436454,G006
444307,G017
444307,G011
444307,G014
446533,G014
446533,G007
1048785,G007
450463,G007
1041813,G007
1042092,G004
1042092,G007
1042092,G009
1042092,G014
1042146,G007
1048877,G007
1042154,G007
1042154,G005
1042127,G007
448343,G014
448343,G013
436242,G014
436242,G007
444143,G004
444143,G007
444143,G014
1048843,G007
444148,G014
1048858,G007
